Date,Name,Year,Letterboxd URI,Rating,movie_id,genres,overview,director,cast,keywords,poster_path,backdrop_path
2026-08-23,Pinocchio: Unstrung,2026.0,https://letterboxd.com/sarthi_watcher/film/pinocchio-unstrung/,2.0,1232569.0,"Horror, Fantasy, Mystery","Influenced by a sinister Cricket and created by Geppetto, Pinocchio launches a violent crusade to carve himself into a real boy like his brother James, one piece at a time.",Rhys Frake-Waterfield,"Jude Evan Lloyd, Robert Englund, Cameron Bell","lie, puppet, killer doll, dark fantasy, aftercreditsstinger, evil puppet, toy comes to life, mysterious, aggressive, teamwork, absurd, slasher horror, the twisted childhood universe (tcu)",/eUJXk3bTvLBi5Zcb0BCedZU7lVL.jpg,/dNKFETDDujxm2PUN873Jwiw5VML.jpg
2026-08-21,Weapons,2025.0,https://letterboxd.com/sarthi_watcher/film/weapons-2025/,4.0,1078605.0,"Horror, Mystery","When all but one child from the same class mysteriously vanish on the same night at exactly the same time, a community is left questioning who or what is behind their disappearance.",Zach Cregger,"Julia Garner, Josh Brolin, Alden Ehrenreich","witch, small town, pennsylvania, usa, ritual, junkie, teacher, trance, witchcraft, clown makeup, multiple storylines, bullied, folk horror, dark fairy tale, unstable cop, supernatural horror, mysterious disappearance, spell, psychological horror, mystery, evil aunt, missing children",/cpf7vsRZ0MYRQcnLWteD5jK9ymT.jpg,/8VyTWJrNEyV2MTWvniDVp0MpOAe.jpg
2026-08-20,Dear Zoe,2022.0,https://letterboxd.com/sarthi_watcher/film/dear-zoe/,4.0,646473.0,Drama,Tess enlists her biological father – a lovable slacker from the wrong side of the tracks – and the charming juvenile delinquent next door to help her come to grips with the death of her little sister.,Gren Wells,"Sadie Sink, Theo Rossi, Kweku Collins","based on novel or book, coming of age, 9/11",,
2026-08-19,Minions & Monsters,2026.0,https://letterboxd.com/sarthi_watcher/film/minions-monsters-2026/,3.5,1315772.0,,,,,,/4LwvU9SZc8QQzW1X1FAPhNbXnEU.jpg,/kkcwhgSFd81QDlXo8ytrpHPQjhy.jpg
2026-08-18,The Invite,2026.0,https://letterboxd.com/sarthi_watcher/film/the-invite-2026/,4.0,950028.0,,,,,,/hFLVVF6GSfFkvDlht6iCsCcFjrh.jpg,/lEwqBGNR65KZv6Ej5ufcmhZu2y2.jpg
2026-08-18,Ecstasy,1933.0,https://letterboxd.com/sarthi_watcher/film/ecstasy/,2.5,43124.0,"Drama, Romance","Eva has just gotten married to an older gentleman, but discovers that he is obsessed with order in his life and doesn't have much room for passion. She becomes despondent and leaves him, returning to her father's house. One day while bathing in the lake, she meets a young man and they fall in love. The husband has become grief stricken at the loss of his young bride, and fate brings him together with the young lover that has taken Eva from him.",Gustav Machatý,"Hedy Lamarr, Zvonimir Rogoz, Aribert Mog","black and white, suicide of husband",/nwCNnXnw0iYsMdWqp4qyGrzHTh0.jpg,/fJlmuteVveQc46ItJKRQKj06FNq.jpg
2026-08-16,The Man from Earth: Holocene,2017.0,https://letterboxd.com/sarthi_watcher/film/the-man-from-earth-holocene/,3.0,415312.0,,,,,,/krOWstmTUdfafRbXH9YAjVj2zE5.jpg,/emOo9AFT4aJoDcye7RrQcnOzoen.jpg
2026-08-15,The Man from Earth,2007.0,https://letterboxd.com/sarthi_watcher/film/the-man-from-earth/,4.5,13363.0,"Science Fiction, Drama","A departing professor gathers his closest colleagues for an intimate farewell, but the night takes an unexpected turn when he shares a stunning secret about his past. As the conversation unfolds, skepticism and curiosity collide, challenging everything they thought they knew about history, science, and belief.",Richard Schenkman,"David Lee Smith, Tony Todd, John Billingsley","immortality, birthday, legend, philosophy, professor, psychology, bible, time, survival, anthropology, prehistory, religion, memory, church, cavemen, assertive, dignified, enchant",,
2026-08-14,Jack Reacher: Never Go Back,2016.0,https://letterboxd.com/sarthi_watcher/film/jack-reacher-never-go-back/,3.0,343611.0,"Action, Thriller, Drama, Crime","Years after resigning command of an elite military police unit, the nomadic, righter-of-wrongs Reacher is drawn back into the life he left behind when his friend and successor, Major Susan Turner is framed for espionage. Reacher will stop at nothing to prove her innocence and to expose the real perpetrators behind the killings of his former soldiers.",Edward Zwick,"Tom Cruise, Cobie Smulders, Danika Yarosh","based on novel or book, espionage, military officer, homicide, falsely accused, new orleans, louisiana, investigation, afghanistan, sequel, on the run, false accusations, military police, court martial, ex military, army officer, ex army, military cover-up, intense, murders, u.s. army, military contractor, jag - judge advocate general, classified information",/cOg3UT2NYWHZxp41vpxAnVCOC4M.jpg,/ww1eIoywghjoMzRLRIcbJLuKnJH.jpg
2026-08-12,100 METERS,2025.0,https://letterboxd.com/sarthi_watcher/film/100-meters-2025/,4.5,1295026.0,"Animation, Drama","A gifted runner trains a determined but unskilled classmate, unaware he's creating a rival who will challenge him on the track for years to come.",Kenji Iwaisawa,"Tori Matsuzaka, Shota Sometani, Yuma Uchida","competition, rivalry, coming of age, based on manga, track and field, school life, athletics, anime, sportsmanship, inspirational, running",/kQyS2UrSbkd5AF0seuTSvRqWIdh.jpg,/3vvRZ4jrASzTObkhfne6Mky8LBP.jpg
2026-08-07,The Devil's Mouth,2026.0,https://letterboxd.com/sarthi_watcher/film/the-devils-mouth/,2.0,1481343.0,,,,,,/lH8k9uCWYn2b2gsYleqYBDPbWa8.jpg,/4wmvU2Px3C8v3qqyNpBmgJrWQEx.jpg
2026-08-07,Jack Reacher,2012.0,https://letterboxd.com/sarthi_watcher/film/jack-reacher/,3.0,75780.0,,,,,,/uQBbjrLVsUibWxNDGA4Czzo8lwz.jpg,/iwvP8XVpYVmJ3xfF9xdBi5uAOWl.jpg
2026-08-03,Bad Girls Go to Hell,1965.0,https://letterboxd.com/sarthi_watcher/film/bad-girls-go-to-hell/,2.0,42732.0,,,,,,/vfFT9V2EPHFCgvT6kpBP7MixNAe.jpg,/60kXjgoXqlKNhtX3TaJZaQDkDYo.jpg
2026-08-02,Spider-Man: Brand New Day,2026.0,https://letterboxd.com/sarthi_watcher/film/spider-man-brand-new-day/,4.0,969681.0,"Science Fiction, Action, Adventure",Fighting crime full-time as Spider-Man in a world that doesn't remember him—and the pressure of seeing his old friends move on without him—sparks a change in Peter Parker he may not have the power to control. But that transformation might also be the only thing that can stop a shocking new threat to the city and those he loves - a powerful villain no one can even see.,Destin Daniel Cretton,"Tom Holland, Zendaya, Mark Ruffalo","mind control, new york city, hero, mutation, secret identity, superhero, spider, villain, based on comic, sequel, transhumanism, super power, masked vigilante, spider web, aftercreditsstinger, marvel cinematic universe (mcu), masked superhero, fight for justice, genetic mutation",/ghF1JYv7P5BgWHYfq9dqhqqNfz8.jpg,/7iwUUcKURMT7aKfCwMy6YnGtchD.jpg
2026-07-30,The Man Who Sleeps,1974.0,https://letterboxd.com/sarthi_watcher/film/the-man-who-sleeps/,3.0,104086.0,,,,,,/bEX0pQzpmsBM6pRo3meindwNTzE.jpg,/wApH0pzzDIiw5mKv8vnfVOlt0iR.jpg
2026-07-29,Supergirl,2026.0,https://letterboxd.com/sarthi_watcher/film/supergirl-2026/,3.5,1081003.0,"Action, Adventure, Science Fiction","When an unexpected and ruthless adversary strikes too close to home, Kara Zor-El, aka Supergirl, reluctantly joins forces with an unlikely companion on an epic, interstellar journey of vengeance and justice.",Craig Gillespie,"Milly Alcock, Eve Ridley, Matthias Schoenaerts","galaxy, hero, superhero, villain, based on comic, space, female protagonist, dog, super power, heroine, reboot, solitude, supervillain, rescue dog, dc universe (dcu)",,
2026-07-29,Enough,2002.0,https://letterboxd.com/sarthi_watcher/film/enough/,4.0,1957.0,"Drama, Thriller","Working-class waitress Slim thought she was entering a life of domestic bliss when she married Mitch, the man of her dreams. After the arrival of their first child, her picture perfect life is shattered when she discovers Mitch's hidden possessive dark side, a controlling and abusive alter ego that can turn trust, love and tranquility into terror. Terrified for her child's safety, Slim flees with her daughter. Relentless in his pursuit and enlisting the aid of lethal henchmen, Mitch continually stalks the prey that was once his family.",Michael Apted,"Jennifer Lopez, Billy Campbell, Tessa Allen","husband wife relationship, waitress, self-defense, violence against women, stalking, domestic violence, hiding, physical abuse, name change, henchmen, abuse, abusive marriage, abusive husband, young daughter, threatened woman, escaping abuse, rich married couple, gone into hiding, friends since college",,
2026-07-27,The Drama,2026.0,https://letterboxd.com/sarthi_watcher/film/the-drama/,3.5,1325734.0,"Romance, Comedy, Drama",A happily engaged couple is put to the test when an unexpected turn sends their wedding week off the rails.,Kristoffer Borgli,"Zendaya, Robert Pattinson, Alana Haim","infidelity, boston, massachusetts, dark comedy, romcom, engaged couple, trust issues, provocative, romantic, adoring, audacious, melodramatic, sympathetic",/rnIOUhzwJDfgQakx8EjoNyItKgs.jpg,/1oKLEA9JOhvaBwLpqjROisvWMy7.jpg
2026-07-26,Aniara,2018.0,https://letterboxd.com/sarthi_watcher/film/aniara-2018/,3.5,496743.0,"Science Fiction, Drama","A ship carrying settlers to a new home on Mars after Earth is rendered uninhabitable is knocked off-course, causing the passengers to consider their place in the universe.","Hugo Lilja, Pella Kågerman","Emelie Garbers, Arvin Kananian, Bianca Cruzeiro","dystopia, space travel, based on song, poem or rhyme, woman director, mysterious",/pEpEJe8NTmwWL0hwYkZguTzEqzt.jpg,/mz8xBEIl1l18e2ToNlV1Tt5HVmJ.jpg
2026-07-25,The Endless,2017.0,https://letterboxd.com/sarthi_watcher/film/the-endless/,3.0,430231.0,,,,,,/uVHPBTLb6Sj1Eso9HzyBAOMRheM.jpg,/nvCMi8ZhH1Z8i9ZFHYrXBl8uBw0.jpg
2026-07-24,The Death of Robin Hood,2026.0,https://letterboxd.com/sarthi_watcher/film/the-death-of-robin-hood/,4.0,1284465.0,,,,,,/92Tsfx7SFafOqWsotvrlJbHyehd.jpg,/lh3BDkmWJh998n4fQcHYcVi7dpm.jpg
2026-07-23,The Ghost and Mrs. Muir,1947.0,https://letterboxd.com/sarthi_watcher/film/the-ghost-and-mrs-muir/,4.5,22292.0,,,,,,/idoD3cwfwj86BPvVoWVgWhnT2xq.jpg,/m1QTfbKD90j63Gh9bOJt0g67LvA.jpg
2026-07-21,Catch Me If You Can,2002.0,https://letterboxd.com/sarthi_watcher/film/catch-me-if-you-can-2002/,4.0,640.0,"Drama, Crime","A true story about Frank Abagnale Jr. who, before his 19th birthday, successfully conned millions of dollars worth of checks as a Pan Am pilot, doctor, and legal prosecutor. An FBI agent makes it his mission to put him behind bars. But Frank not only eludes capture, he revels in the pursuit.",Steven Spielberg,"Leonardo DiCaprio, Tom Hanks, Christopher Walken","fbi, con man, biography, based on true story, con artist, chameleon, attempted jailbreak, engagement party, mislaid trust, christmas, bank fraud, conman, fraudster, assertive, compassionate",/ctjEj2xM32OvBXCq8zAdK3ZrsAj.jpg,/sfW8gtA6Bz2F4zK1FoCKbMqTF8Z.jpg
2026-07-20,His Three Daughters,2023.0,https://letterboxd.com/sarthi_watcher/film/his-three-daughters/,3.5,1154762.0,,,,,,/yTIHBPLQyzhgz1c2spak3btJxsg.jpg,/7QZCkr6hvQM0PDqsAOguUqOETNt.jpg
2026-07-19,The Ritual,2017.0,https://letterboxd.com/sarthi_watcher/film/the-ritual-2025/,1.0,1278950.0,"Horror, Mystery","A group of college friends reunite for a trip to the forest, but encounter a menacing presence in the woods that's stalking them.",,,,/uubL8yvtEBjz3V7DFQHjCuSQO8w.jpg,/yPXGTceIv5ApZ5SziDM8xqXb9Ko.jpg
2026-07-19,Sinister,2012.0,https://letterboxd.com/sarthi_watcher/film/sinister/,3.5,82507.0,,,,,,/nzx10sca3arCeYBAomHan4Q6wa1.jpg,/jovIEk4cAxWmA2dBcPrfhn3jzYN.jpg
2026-07-19,Next Floor,2008.0,https://letterboxd.com/sarthi_watcher/film/next-floor/,4.0,99343.0,,,,,,/1HBizk472Kb0SY8NM8XTbig2xpm.jpg,/ebdXwGc3y5lcbnUs9lJMlkycmsu.jpg
2026-07-17,Whistle,2025.0,https://letterboxd.com/sarthi_watcher/film/whistle-2025-1/,2.0,1193501.0,,,,,,/vgonf5kGsiijUBjzxKTvechhT28.jpg,/rfawRNnOrpqlvTi3Xn4XRjkxx66.jpg
2026-07-16,Cope,2025.0,https://letterboxd.com/sarthi_watcher/film/cope-2025/,4.0,1422036.0,"Mystery, Drama",Liam only has 6 weeks to live.,Anthony Sutcliffe,"Nick Hendrix, Jessica Ellerby, Caroline Langrishe",suicide,/bIuvzyv1HNXvFcEWxDMAtH0UQLJ.jpg,
2026-07-16,Live a Little,2024.0,https://letterboxd.com/sarthi_watcher/film/live-a-little-2024-1/,2.0,1492470.0,Drama,"An award-winning student short film shot on iPhone, reflecting the director’s experience in Rome. It inspires viewers to embrace life’s simple pleasures and 'Live a Little'.",George Ammerlaan,,"calm, thoughtful, short film, inspirational, powerful",/oc9aBlCBrw3z3E3L1kI9Oa231Wk.jpg,/jfrL93CzUhwE6KlxjiuDNBIhV9O.jpg
2026-07-16,Julius Caesar,1953.0,https://letterboxd.com/sarthi_watcher/film/julius-caesar/,4.0,18019.0,"Drama, History",The growing ambition of Julius Caesar is a source of major concern to his close friend Brutus. Cassius persuades him to participate in his plot to assassinate Caesar but both have sorely underestimated Mark Antony.,Joseph L. Mankiewicz,"Marlon Brando, James Mason, John Gielgud","assassination, based on play or musical, ancient rome, conspiracy, antiquity, julius caesar, 1st century bc",/u0tgcCv1x73fumXaVPEzyvjjs4G.jpg,/8NHcXLY9jLquzYlHhxGlv2BNCkF.jpg
2026-07-14,Big Take,2024.0,https://letterboxd.com/sarthi_watcher/film/big-take/,3.0,1304963.0,"Action, Crime, Comedy","While on the run, two criminals accidentally pick the same hiding spot and eavesdrop on their pursuers.",Alex Brooks,"John Scott Horton, Noah Bridgestock, Reid Robison","kodak, short film, 16mm film, 2020s",/nH2UU1XnGRo9x2QrqexIDNGsjpd.jpg,/aY2PX3Sx6fK3nMEy2TA5MJZTKbV.jpg
2026-07-14,The Wait,2020.0,https://letterboxd.com/sarthi_watcher/film/the-wait-2020/,1.0,835298.0,"Comedy, Music","""The Wait"" tells the story of a lonely drummer during the self-distancing period in 2020, who has grown frustrated with the absence of his band. Killing time, the self-taught drummer must do something by his own imagination.",Nolt Vutthisak,Kritthee Visitkitjakarn,drums,/lAHtwxhYAprWiSChGH3wWMNcAi2.jpg,/2cUGb9AaonTzz2polE63pwU7sjA.jpg
2026-07-13,"Wait, Your Car?",2025.0,https://letterboxd.com/sarthi_watcher/film/wait-your-car/,3.0,1477355.0,,,,,,/g20CanNUUyjrV2xZEE58XHkTAU7.jpg,/gQyf3FOlFQzahotA6P0apc4B52w.jpg
2026-07-13,O.C.D. (Obsessor Coercio Deus),2024.0,https://letterboxd.com/sarthi_watcher/film/ocd-obsessor-coercio-deus/,3.5,1236371.0,,,,,,/6O90dbSyUcYyYkDVcxtrix2Z7NX.jpg,/3omwe4CMdnaYqQ8ZHs7eg7nQsfS.jpg
2026-07-12,A Trip to the Moon,1902.0,https://letterboxd.com/sarthi_watcher/film/a-trip-to-the-moon/,3.0,775.0,,,,,,/9o0v5LLFk51nyTBHZSre6OB37n2.jpg,/g67r1eiQD3ERSEQFCFkSn7TeGw5.jpg
2026-07-11,Talk to Me,2022.0,https://letterboxd.com/sarthi_watcher/film/talk-to-me-2022/,3.5,1008042.0,,,,,,/kdPMUMJzyYAc4roD52qavX0nLIC.jpg,/46Os8U0DEPmI0OnvKDxucl6SLVZ.jpg
2026-07-10,Send Help,2026.0,https://letterboxd.com/sarthi_watcher/film/send-help/,3.0,1198994.0,"Horror, Thriller, Comedy","Two colleagues become stranded on a deserted island, the only survivors of a plane crash. On the island, they must overcome past grievances and work together to survive, but ultimately, it's a battle of wills and wits to make it out alive.",Sam Raimi,"Rachel McAdams, Dylan O'Brien, Edyll Ismail","bullying, role reversal, survival, struggle for survival, survival horror, deserted island, power struggle, colleagues, bullying in the workplace, plane crash, gender inequality, comedy thriller, comedy horror",/zbJWVHOtj3ljBzWgL1P8pxP03Up.jpg,/bpp58yHuQmpt6xwggI63mVRw7po.jpg
2026-07-09,The Thaw,2009.0,https://letterboxd.com/sarthi_watcher/film/the-thaw/,2.0,23410.0,"Horror, Science Fiction","At a remote Arctic research station, four ecology students discover the real horror of global warming is not the melting ice, but what's frozen within it. A prehistoric parasite is released from the carcass of a Woolly Mammoth upon the unsuspecting students who are forced to quarantine and make necessary sacrifices, or risk infecting the rest of the world.",Mark A. Lewis,"Val Kilmer, Martha MacIsaac, Aaron Ashmore","quarantine, parasite",/6oxJ75L6rB88TeSspcnPA7JqjWw.jpg,/5df3793jyBeUQupx0uq1cA6lGF8.jpg
2026-07-09,The Dawn is Your Enemy,2005.0,https://letterboxd.com/sarthi_watcher/film/the-dawn-is-your-enemy/,4.0,1221167.0,,,,,,,
2026-07-07,Babel,2006.0,https://letterboxd.com/sarthi_watcher/film/babel-2006/,3.5,1164.0,,,,,,/bZByZbvU7u14WjoUJERqCRW9saN.jpg,/9YoLdWeBSxAdR6BqQ5uS88d3FWO.jpg
2026-07-07,Kids,1995.0,https://letterboxd.com/sarthi_watcher/film/kids/,2.0,9344.0,,,,,,/8qV8hUVCUnFIQKewzlhaFWhdszK.jpg,/3gmreIMvzQgd1q4hsiUN5ADV88W.jpg
2026-07-06,Gothika,2003.0,https://letterboxd.com/sarthi_watcher/film/gothika/,3.0,4970.0,,,,,,/frSGNQcWx1ek8dCduFYCux1ho7n.jpg,/eLBHPVQkJZyaSEUAGAFWNJJwmeo.jpg
2026-07-05,Cobweb,2023.0,https://letterboxd.com/sarthi_watcher/film/cobweb-2023/,2.0,709631.0,,,,,,/cGXFosYUHYjjdKrOmA0bbjvzhKz.jpg,/nYDPmxvl0if5vHBBp7pDYGkTFc7.jpg
2026-07-05,Malena,2000.0,https://letterboxd.com/sarthi_watcher/film/malena/,3.0,10867.0,,,,,,/3OyQTl0IGkbnjDxd3MhztfPE34g.jpg,/vadUKKQixxOKWkcuZ1SUEoBQeVG.jpg
2026-07-05,Sleuth,1972.0,https://letterboxd.com/sarthi_watcher/film/sleuth/,4.0,993.0,,,,,,/jAREYLUnYGwPjbQr0vs1s38QLkH.jpg,/rVdKBzVyHTG1gv8bAAJnr5Eu6gl.jpg
2026-07-04,All About Eve,1950.0,https://letterboxd.com/sarthi_watcher/film/all-about-eve/,4.5,705.0,Drama,"From the moment she glimpses her idol at the stage door, Eve Harrington is determined to take the reins of power away from the great actress Margo Channing. Eve maneuvers her way into Margo's Broadway role, becomes a sensation and even causes turmoil in the lives of Margo's director boyfriend, her playwright and his wife. Only the cynical drama critic sees through Eve, admiring her audacity and perfect pattern of deceit.",Joseph L. Mankiewicz,"Bette Davis, Anne Baxter, George Sanders","playwright, hollywood, black and white, relationship, insecurity, broadway, based on short story, broadway star, manipulative woman, stage struck, homewrecker, enchant",/blBzZaatPWVuWpXEnPscMA4Xp6m.jpg,/zAL3LOswagN9onjN8DPcNFTqKuD.jpg
2026-07-03,Crime 101,2026.0,https://letterboxd.com/sarthi_watcher/film/crime-101/,3.0,1171145.0,"Crime, Thriller","When an elusive thief whose high-stakes heists unfold along the iconic 101 freeway in Los Angeles eyes the score of a lifetime, with hopes of this being his final job, his path collides with a disillusioned insurance broker who is facing her own crossroads. Determined to crack the case, a relentless detective closes in on the operation, raising the stakes even higher.",Bart Layton,"Chris Hemsworth, Mark Ruffalo, Halle Berry","robbery, based on novel or book, jewelry, heist, police chase, los angeles, california, police detective, diamond heist, insurance, lapd, motorcycle chase, jewel robbery, ford mustang, amused, antwerp diamonds",/tVvpFIoteRHNnoZMhdnwIVwJpCA.jpg,/zvGMwQ1mAFrxSzzMFT9WMEl6hxB.jpg
2026-07-03,Together,2025.0,https://letterboxd.com/sarthi_watcher/film/together-2025/,3.5,1242011.0,,,,,,/80slKYVM5teFH3kz6ouWrZXveqj.jpg,/39Niij05MXfibXBsHiUU0Ml0POX.jpg
2026-06-30,Dolemite Is My Name,2019.0,https://letterboxd.com/sarthi_watcher/film/dolemite-is-my-name/,4.0,528888.0,,,,,,/uoAqJg7ZSmftnBGOkupU1ySZQU0.jpg,/2ycAZWELqHygeqivCLuqNQsYPSP.jpg
2026-03-25,Non-hollywood Peak,,https://letterboxd.com/sarthi_watcher/list/non-hollywood-peak/,3.0,,,,,,,,
2026-02-19,Harry Potter 20th Anniversary: Return to Hogwarts,2022.0,https://boxd.it/xXJk,3.5,899082.0,Documentary,"An enchanting making-of story told through all-new in-depth interviews and cast conversations, inviting fans on a magical first-person journey through one of the most beloved film franchises of all time.",,,,/jntLBq0MLR3hrwKaTQswxACRPMs.jpg,/8rft8A9nH43IReybFtYt21ezfMK.jpg
2026-02-16,Sexual Drive,2021.0,https://boxd.it/tgkI,2.0,778663.0,"Comedy, Drama",Designer Enatsu worries about his sexless life. Office worker Akane is getting ready to return to work while undergoing rehab at home for panic attacks. Elite advertising agent Ikeyama wants to end his relationship with his lover. A shabby man named Kurita appears before all three with a secret.,,,,/48YKqDVRjZJLL7lAukWKoRjRfbh.jpg,/aasYkBk7HR6ZNrKy2mkKxTQdXvM.jpg
2026-02-15,Harry Potter and the Deathly Hallows: Part 2,2011.0,https://boxd.it/1RYk,4.5,12445.0,"Adventure, Fantasy","Harry, Ron and Hermione continue their quest to vanquish the evil Voldemort once and for all. Just as things begin to look hopeless for the young wizards, Harry discovers a trio of magical objects that endow him with powers to rival Voldemort's formidable skills.",,,,/c54HpQmuwXjHq2C9wmoACjxoom3.jpg,/cbcpDn6XJaIGoOil1bKuskU8ds4.jpg
2026-02-15,Harry Potter and the Deathly Hallows: Part 1,2010.0,https://boxd.it/1RYu,4.5,12444.0,"Adventure, Fantasy","Harry, Ron and Hermione walk away from their last year at Hogwarts to find and destroy the remaining Horcruxes, putting an end to Voldemort's bid for immortality. But with Harry's beloved Dumbledore dead and Voldemort's unscrupulous Death Eaters on the loose, the world is more dangerous than ever.",,,,/iGoXIpQb7Pot00EEdwpwPajheZ5.jpg,/vcrgU0KaNj5mKUCIQSUdiQwTE9y.jpg
2026-02-14,Harry Potter and the Half-Blood Prince,2009.0,https://boxd.it/29FU,4.0,767.0,"Adventure, Fantasy","As Lord Voldemort tightens his grip on both the Muggle and wizarding worlds, Hogwarts is no longer a safe haven. Harry suspects perils may even lie within the castle, but Dumbledore is more intent upon preparing him for the final battle fast approaching. Together they work to find the key to unlock Voldemorts defenses and to this end, Dumbledore recruits his old friend and colleague Horace Slughorn, whom he believes holds crucial information. Even as the decisive showdown looms, romance blossoms for Harry, Ron, Hermione and their classmates. Love is in the air, but danger lies ahead and Hogwarts may never be the same again.",,,,/z7uo9zmQdQwU5ZJHFpv2Upl30i1.jpg,/ze6Mx4QE5mQVXRYmG2flncqqle4.jpg
2026-02-14,Harry Potter and the Order of the Phoenix,2007.0,https://boxd.it/29Qe,4.0,675.0,"Adventure, Fantasy","Returning for his fifth year at Hogwarts, Harry is stunned to find that his warnings about the return of Lord Voldemort have been ignored. Left with no choice, Harry takes matters into his own hands, training a small group of motivated students to defend themselves against the Dark Arts.",,,,/5aOyriWkPec0zUDxmHFP9qMmBaj.jpg,/pkxPkHOPJjOvzfQOclANEBT8OfK.jpg
2026-02-14,Harry Potter and the Goblet of Fire,2005.0,https://boxd.it/29Qo,4.5,674.0,"Adventure, Fantasy","When Harry Potter's name emerges from the Goblet of Fire, he becomes a competitor in a grueling battle for glory among three wizarding schools—the Triwizard Tournament. But since Harry never submitted his name for the Tournament, who did? Now Harry must confront a deadly dragon, fierce water demons and an enchanted maze only to find himself in the cruel grasp of He Who Must Not Be Named.",,,,/fECBtHlr0RB3foNHDiCBXeg9Bv9.jpg,/1OV7hau4D3rWGS5bu8sqBYeVpe.jpg
2026-02-13,Harry Potter and the Prisoner of Azkaban,2004.0,https://boxd.it/29Qy,4.5,673.0,"Adventure, Fantasy","Year three at Hogwarts means new fun and challenges as Harry learns the delicate art of approaching a Hippogriff, transforming shape-shifting Boggarts into hilarity and even turning back time. But the term also brings danger: soul-sucking Dementors hover over the school, an ally of the accursed He-Who-Cannot-Be-Named lurks within the castle walls, and fearsome wizard Sirius Black escapes Azkaban. And Harry will confront them all.",,,,/aWxwnYoe8p2d2fcxOqtvAtJ72Rw.jpg,/htmYEfH7TQgzsXHCnNXxmoYKQtL.jpg
2026-02-13,Harry Potter and the Chamber of Secrets,2002.0,https://boxd.it/29QI,4.0,672.0,"Adventure, Fantasy","Cars fly, trees fight back, and a mysterious house-elf comes to warn Harry Potter at the start of his second year at Hogwarts. Adventure and danger await when bloody writing on a wall announces: The Chamber Of Secrets Has Been Opened. To save Hogwarts will require all of Harry, Ron and Hermione's magical abilities and courage.",,,,/sdEOH0992YZ0QSxgXNIGLq1ToUi.jpg,/1stUIsjawROZxjiCMtqqXqgfZWC.jpg
2026-02-11,TRON: Ares,2025.0,https://boxd.it/jqdM,2.0,533533.0,"Science Fiction, Adventure, Action","A highly sophisticated Program called Ares is sent from the digital world into the real world on a dangerous mission, marking humankind's first encounter with A.I. beings.",,,,/chpWmskl3aKm1aTZqUHRCtviwPy.jpg,/pUNfHmVqfwRdILhCkU8TdysVOXo.jpg
2026-02-11,Mary Poppins,1964.0,https://boxd.it/2aoA,3.0,433.0,"Comedy, Family, Fantasy","In turn of the century London, a magical nanny employs music and adventure to help two neglected children become closer to their father.",,,,/o4Wsby4ydIXhWmtmfvb451D5Np1.jpg,/nMXLizoHhVTeh3GjFyUOfNx3b7i.jpg
2026-02-08,OMG 2,2023.0,https://boxd.it/xz6S,3.5,888710.0,"Comedy, Drama","Life is bliss until one day Kanti Sharan Mudgal’s son Vivek is blamed for immoral conduct and expelled from school. Overwhelmed, Kanti plans to leave town until a divine intervention leads him to seek justice by taking those responsible to court.",,,,/kApiO3oL6t100aCtkcwEhk2kqgK.jpg,/9wmSV9Nk3j7GIEBQghJIGI0U2Nk.jpg
2026-02-07,OMG: Oh My God!,2012.0,https://boxd.it/4nuA,5.0,135718.0,"Comedy, Drama",A shopkeeper takes God to court when his shop is destroyed by an earthquake.,,,,/iTPzC3H2iG49xFIcMs01UfZeBXv.jpg,/kMUsTD4Dco26kkIUEhntbKZo0Ya.jpg
2026-02-07,Harry Potter and the Philosopher's Stone,2001.0,https://boxd.it/29QS,3.5,671.0,"Adventure, Fantasy","Harry Potter has lived under the stairs at his aunt and uncle's house his whole life. But on his 11th birthday, he learns he's a powerful wizard—with a place waiting for him at the Hogwarts School of Witchcraft and Wizardry. As he learns to harness his newfound powers with the help of the school's kindly headmaster, Harry uncovers the truth about his parents' deaths—and about the villain who's to blame.",,,,/wuMc08IPKEatf9rnMNXvIDxqP4W.jpg,/1XAC6RPT01UX9EQGy2JVn5c8pgy.jpg
2026-02-05,The Invention of Lying,2009.0,https://boxd.it/1zGs,2.5,23082.0,"Comedy, Fantasy, Romance","Set in a world where the concept of lying doesn't exist, a loser changes his lot when he invents lying and uses it to get ahead.",,,,/clP8tDZeM9jgnqmu4VBClBDpLtS.jpg,/8ZlxM5IYLtg2KnRl1IoS83mlxt0.jpg
2026-01-31,Elektra,2005.0,https://boxd.it/1XsE,2.0,9947.0,"Action, Fantasy, Adventure","Elektra the warrior survives a near-death experience, becomes an assassin-for-hire, and tries to protect her two latest targets, a single father and his young daughter, from a group of supernatural assassins.",,,,/gC6s6NKHneSrOKyQZnUMb443RKU.jpg,/2JMOTj6DFjNcg9KToctmfTV55EW.jpg
2026-01-30,Nobody 2,2025.0,https://boxd.it/C5Lc,3.0,1007734.0,"Action, Thriller","Former assassin Hutch Mansell takes his family on a nostalgic vacation to a small-town theme park, only to be pulled back into violence when they clash with a corrupt operator, a crooked sheriff, and a ruthless crime boss.",,,,/svXVRoRSu6zzFtCzkRsjZS7Lqpd.jpg,/82C04rTiXYZ7c8XZv91Nu53w82Y.jpg
2026-01-27,Marty Supreme,2025.0,https://boxd.it/Off0,4.0,1317288.0,Drama,"Marty Mauser, a young man with a dream no one respects, goes to hell and back in pursuit of greatness.",,,,/lYWEXbQgRTR4ZQleSXAgRbxAjvq.jpg,/6h7w8R4BA7vubEmEEW5vYEjuoz6.jpg
2026-01-22,Pechi,2024.0,https://boxd.it/Osea,3.0,1321821.0,Horror,"Five young trekkers and their tour guide embark on a weekend adventure in the Kollimalai hills. Despite warnings, they venture into a restricted area, unknowingly entering the domain of a malevolent spirit, which is hell bent on wreaking havoc in their lives. Did they survive the relentless onslaught and harrowing encounter with the supernatural force in the haunted woods?",,,,/6Pla6xHgD0kep7S9z6KfXzi6B4l.jpg,/cAwBPZDaDjllk1Geicgj21cDZTS.jpg
2026-01-20,28 Years Later: The Bone Temple,2026.0,https://boxd.it/MwlA,4.5,1272837.0,"Horror, Thriller, Science Fiction",Dr. Kelson finds himself in a shocking new relationship - with consequences that could change the world as they know it - and Spike's encounter with Jimmy Crystal becomes a nightmare he can't escape.,,,,/kK1BGkG3KAvWB0WMV1DfOx9yTMZ.jpg,/hHDNOlATHhre4eZ7aYz5cdyJLik.jpg
2026-01-19,The Black Phone,2021.0,https://boxd.it/sqFE,3.5,756999.0,"Horror, Thriller","Finney Blake, a shy but clever 13-year-old boy, is abducted by a sadistic killer and trapped in a soundproof basement where screaming is of little use. When a disconnected phone on the wall begins to ring, Finney discovers that he can hear the voices of the killer’s previous victims. And they are dead set on making sure that what happened to them doesn’t happen to Finney.",,,,/p9ZUzCyy9wRTDuuQexkQ78R2BgF.jpg,/AfvIjhDu9p64jKcmohS4hsPG95Q.jpg
2026-01-17,Night School,2018.0,https://boxd.it/gcyU,2.5,454293.0,Comedy,"Teddy Walker is a successful salesman whose life takes an unexpected turn when he accidentally blows up his place of employment. Forced to attend night school to get his GED, Teddy soon finds himself dealing with a group of misfit students, his former high school nemesis and a feisty teacher who doesn't think he's too bright.",,,,/uQVIQDc3foTPodZw0ie1Or0CXBn.jpg,/34AAYidTjjDpH4etnbKmst5C39K.jpg
2026-01-16,The Exorcist: Believer,2023.0,https://boxd.it/uotK,2.0,807172.0,"Horror, Thriller","Since his wife's death, Victor has raised his daughter Angela alone. After she and her friend return from a three-day disappearance with missing memories, they begin displaying frightening behavior reminiscent of the MacNeil possession fifty years prior.",,,,/fFXkAlMH2iQrNknv4eq7LGTkcti.jpg,/d7zDEW6AkRCvEOT2Cela4h0F3Nb.jpg
2026-01-15,Bramayugam,2024.0,https://boxd.it/Iekc,4.0,1166133.0,"Horror, Thriller, Drama","A folk singer in 17th-century Kerala discovers a mansion. Inside, he encounters an enigmatic cook and a powerful master, setting in motion a chain of events that changes his life.",,,,/snQLwRrfQAl5YFKVefZq9Lbscki.jpg,/3Y5pOfxMrG8SqbIcGhYy497eOXc.jpg
2026-01-15,Argylle,2024.0,https://boxd.it/w1kk,2.5,848538.0,"Action, Adventure, Comedy","When the plots of reclusive author Elly Conway's fictional espionage novels begin to mirror the covert actions of a real-life spy organization, quiet evenings at home become a thing of the past. Accompanied by her cat Alfie and Aidan, a cat-allergic spy, Elly races across the world to stay one step ahead of the killers as the line between Conway's fictional world and her real one begins to blur.",,,,/siduVKgOnABO4WH4lOwPQwaGwJp.jpg,/mY3CRicUMaX3Btxv8yspud75UJu.jpg
2026-01-14,"The Boy, the Mole, the Fox and the Horse",2022.0,https://boxd.it/BBT6,3.5,995133.0,"Animation, Family, Adventure, Fantasy","The unlikely friendship of a boy, a mole, a fox and a horse traveling together in the boy's search for home.",,,,/wAKBWRhMmBtrCCuqmFwPm2RGTph.jpg,/wO0MIGcA7w7tBI9Ey80Q4Z7qnPm.jpg
2026-01-14,A Charlie Brown Christmas,1965.0,https://boxd.it/1QDq,3.0,13187.0,"Animation, Family, Comedy, TV Movie","When Charlie Brown complains about the overwhelming materialism that he sees amongst everyone during the Christmas season, Lucy suggests that he become director of the school Christmas pageant. Charlie Brown accepts, but it is a frustrating struggle. When an attempt to restore the proper spirit with a forlorn little fir Christmas tree fails, he needs Linus' help to learn the meaning of Christmas.",,,,/vtaufTzJBMJAeziQA1eP4BLU24C.jpg,/ucWnzjWWWd6CmRal8J3tWz6m1A7.jpg
2026-01-12,Honey Don't!,2025.0,https://boxd.it/Hurc,2.0,1149504.0,"Comedy, Crime","Honey O'Donahue, a small-town private investigator, delves into a series of strange deaths tied to a mysterious church.",,,,/fJm3kmd9NLZWypMas7g34oNFgbk.jpg,/cjhq1eBLXgKq1xHDFeUnYzu61H6.jpg
2026-01-12,Air,2023.0,https://boxd.it/Arlc,4.0,964980.0,"Drama, History",Discover the game-changing partnership between a then undiscovered Michael Jordan and Nike's fledgling basketball division which revolutionized the world of sports and culture with the Air Jordan brand.,,,,/76AKQPdH3M8cvsFR9K8JsOzVlY5.jpg,/aT3sRVqgpkyCo23fp9myVfKPWbA.jpg
2026-01-11,Them!,1954.0,https://boxd.it/1UI0,3.0,11071.0,"Science Fiction, Horror","As a result of nuclear testing, gigantic, ferocious mutant ants appear in the American desert southwest, and a father-daughter team of entomologists join forces with the state police officer who first discovers their existence, an FBI agent and, eventually, the US Army to  eradicate the menace, before it spreads across the continent — and the world.",,,,/tP352STF6BvSROi8K3CMM799TVo.jpg,/bW83NQMHtgFIkDSoZBer4eEnc9V.jpg
2026-01-10,Confessions,2010.0,https://boxd.it/uRS,4.5,54186.0,"Drama, Thriller, Mystery","Devastated at the death of her four-year-old daughter, a grieving middle school teacher is horrified to discover that her students aren't as innocent as she thinks.",,,,/xn98VCLMcF6TulxsKJq2EQ8WYL2.jpg,/sT7f721Zvb9Feo11sbhvkk2JLHi.jpg
2026-01-10,5 Fingers,1952.0,https://boxd.it/iTM,4.0,59087.0,"Thriller, Drama","During WWII, the valet to the British Ambassador to Ankara sells British secrets to the Germans while trying to romance a refugee Polish countess.",,,,/bjD5qcUGjQIZUAeyMJBnXDuN6SW.jpg,/e0MsKelKuPRh4kSTmmnrsxRk1iT.jpg
2026-01-06,Panji Tengkorak,2025.0,https://boxd.it/EisG,3.0,1064869.0,"Animation, Action, Adventure, Fantasy, Thriller","Panji, who sold his soul to black magic to avenge his wife's death, intended to end his life, but found his body now shackled by black magic that controlled his soul. After wandering aimlessly, Panji met an old warrior who asked for his help to chase a bandit who had seized a sacred heirloom that was said to be able to eliminate the power of black magic. Panji accepted the offer that dragged him into a long war between two kingdoms and revealed the reality of his dark past.",,,,/7Eq5mcSKVXBhclnaFNA4880mqOX.jpg,/wvuGYsFgkhCWTELcKa7qqc1k4zI.jpg
2026-01-04,Blade: Trinity,2004.0,https://boxd.it/1a8q,2.0,36648.0,"Action, Horror, Science Fiction","For years, Blade has fought against the vampires in the cover of the night. But now, after falling into the crosshairs of the FBI, he is forced out into the daylight, where he is driven to join forces with a clan of human vampire hunters he never knew existed—The Nightstalkers. Together with Abigail and Hannibal, two deftly trained Nightstalkers, Blade follows a trail of blood to the ancient creature that is also hunting him—the original vampire, Dracula.",,,,/6f7iXvPOnf83MaLB1JmPzUor1rr.jpg,/63eAFgJtN6ZTyFFzlAOoZLhlYqc.jpg
2026-01-03,Blade II,2002.0,https://boxd.it/1agO,3.5,36586.0,"Fantasy, Horror, Action, Thriller","Blade forms an uneasy alliance with the vampire council in order to combat the Reapers, who are feeding on vampires.",,,,/yDHwo3eWcMiy5LnnEnlGV9iLu9k.jpg,/86b0NGY1i0bt3ckhkcHxiCSMxk1.jpg
2026-01-02,Blade,1998.0,https://boxd.it/1a8A,3.0,36647.0,"Horror, Action","The Daywalker known as ""Blade"" - a half-vampire, half-mortal man - becomes the protector of humanity against an underground army of vampires.",,,,/oWT70TvbsmQaqyphCZpsnQR7R32.jpg,/7NKfxJrQn053UJeLftlx4m4NTzo.jpg
2026-01-01,Cinderella Man,2005.0,https://boxd.it/29he,4.0,921.0,"Romance, Drama, History","The true story of boxer Jim Braddock who, following his retirement in the 1930s, makes a surprise comeback in order to lift his family out of poverty.",,,,/wkeOjIcpuqLMW4GnVowlM9VI0JE.jpg,/oO5sMDETneOPCneX3jfXMFfPh9E.jpg
2025-12-12,It Chapter Two,2019.0,https://boxd.it/h10u,2.5,474350.0,"Horror, Thriller, Drama","27 years after overcoming the malevolent supernatural entity Pennywise, the former members of the Losers' Club, who have grown up and moved away from Derry, are brought back together by a devastating phone call.",,,,/zfE0R94v1E8cuKAerbskfD3VfUt.jpg,/6LVSrgm83UYWlrLTCVGmWhFKYO0.jpg
2025-12-12,American Made,2017.0,https://boxd.it/bb66,3.0,337170.0,"Action, Comedy, Crime, Drama","The true story of pilot Barry Seal, who transported contraband for the CIA and the Medellin cartel in the 1980s.",,,,/23ILgoPSO5ShKcTZOuiTVfqFAUB.jpg,/5TKGbYKEwGrJlHFfTQzaz1FC5AJ.jpg
2025-12-09,Bone Lake,2024.0,https://boxd.it/OLXy,3.5,1330421.0,"Horror, Thriller, Mystery","A couple’s romantic vacation at a secluded lakeside estate is upended when they are forced to share the mansion with a mysterious and attractive couple. In this darkly hilarious and seductive horror story, a dream getaway spirals into a nightmarish maze of sex, lies, and manipulation, bringing terrifying secrets to light and triggering a bloody battle for survival.",,,,/sGo5ti82LlydAZrvcsaj31iPuEI.jpg,/168dp7vy3kwOehcMpFaLOfB52NV.jpg
2025-12-05,Anemone,2025.0,https://boxd.it/QxVi,3.0,1364608.0,Drama,"Middle-aged Jem sets out from his suburban home on a journey into the woods, where he reconnects with his estranged hermit brother Ray. Bonded by a mysterious, complicated past, the men share a fraught, if occasionally tender relationship—one that was forever altered by shattering events decades earlier.",,,,/dubKbJTRTJmji0VUEo5pVoZ92ra.jpg,/skpWlRWGYWQEuPF43NsL4zvCDJv.jpg
2025-12-05,Father Brown,1954.0,https://boxd.it/39pE,2.5,89160.0,"Comedy, Mystery, Crime","Works of art are disappearing, stolen by a master thief, a master of disguise. Father Brown has two goals: to catch the thief and to save his soul.",,,,/xDamZSvZMEbVUj1RNdfjRoETBsr.jpg,/hiRR61Evb2yMCmaI2XrWBppYVPe.jpg
2025-11-25,Playdate,2025.0,https://boxd.it/LvYO,2.0,1248226.0,"Action, Comedy, Family","When out-of-work accountant Brian joins stay-at-home dad Jeff for a playdate with their sons, he expects a laid-back afternoon. Instead, they're chased by mercenaries, and Brian—totally unprepared—must survive one absurd obstacle after another.",,,,/fGodXWqJkkkbSebPIlxLSygV8GY.jpg,/5lQ4euO30sDin5nCifvi0vURFNd.jpg
2025-11-23,White Chicks,2004.0,https://boxd.it/1SpK,3.0,12153.0,"Comedy, Crime","Two FBI agent brothers, Marcus and Kevin Copeland, accidentally foil a drug bust. To avoid being fired they accept a mission escorting a pair of socialites to the Hamptons--but when the girls are disfigured in a car accident, they refuse to go. Left without options, Marcus and Kevin decide to pose as the sisters, transforming themselves from black men into rich white women.",,,,/aHTUpo45qy9QYIOnVITGGqLoVcA.jpg,/85k0kaoRgGmF6ACq0M61AFxhjLN.jpg
2025-11-12,"Family Guy Presents: Something, Something, Something, Dark Side",2009.0,https://boxd.it/naPy,3.5,625651.0,"Animation, Comedy, Science Fiction, Action, Adventure, TV Movie","Peter makes good on another power outage at home by retelling ""Star Wars Episode V: The Empire Strikes Back"".",,,,/fWr85GtJlzY4ZwdB2eCu3pdzWHz.jpg,/6zI33gbXLAfPIZPepmZe2WEIosn.jpg
2025-11-08,Frankenstein,2025.0,https://boxd.it/Ecsg,4.0,1062722.0,"Drama, Fantasy, Horror","Dr. Victor Frankenstein, a brilliant but egotistical scientist, brings a creature to life in a monstrous experiment that ultimately leads to the undoing of both the creator and his tragic creation.",,,,/g4JtvGlQO7DByTI6frUobqvSL3R.jpg,/hpXBJxLD2SEf8l2CspmSeiHrBKX.jpg
2025-11-06,The Smashing Machine,2025.0,https://boxd.it/syUC,3.5,760329.0,"Drama, History","In the late 1990s, up-and-coming mixed martial artist Mark Kerr aspires to become the greatest fighter in the world. However, he must also battle his opioid dependence and a volatile relationship with his girlfriend Dawn.",,,,/cwwvrdYeIrARXdiv09GIO6XWK5l.jpg,/hTCr9dDf0EcBGZSUaY0YCeBjBr5.jpg
2025-11-06,Spree,2020.0,https://boxd.it/oiiO,2.5,653598.0,"Comedy, Crime, Horror, Thriller","Desperate for an online following, a rideshare driver has figured out a deadly plan to go viral and he will stop at nothing to get his five minutes of fame.",,,,/tbYvzpy4QFhUHRBHe4VeUKJst96.jpg,/2wKOO39vOvWK1vBDb72NuNfkE55.jpg
2025-11-04,The Ugly Stepsister,2025.0,https://boxd.it/MZBM,4.0,1284120.0,"Horror, Comedy, Fantasy, Drama","In a fairy-tale kingdom where beauty is a brutal business, Elvira battles to compete with her incredibly beautiful stepsister, and she will go to any length to catch the prince’s eye.",,,,/rayAREIKtSinuov10GvrZHyXfXH.jpg,/kG8bBajeSTUxJGmS47WujcraZUk.jpg
2025-11-02,Good Boy,2025.0,https://boxd.it/SC0q,3.0,1422096.0,Horror,"A loyal dog moves to a rural family home with his owner Todd, only to discover supernatural forces lurking in the shadows. As dark entities threaten his human companion, the brave pup must fight to protect the one he loves most.",,,,/daInKxjoRNLFWIus64fHAy91V0k.jpg,/mPtPJzBkwksUoMEKpkZqxBrlKpZ.jpg
2025-10-30,Eleanor the Great,2025.0,https://boxd.it/JZLm,4.0,1212271.0,Drama,"94-year-old Eleanor Morgenstein tries to rebuild her life after the death of her best friend. As a result, she moves back to New York City after living in Florida for decades.",,,,/9XTM42IJST6lwPxtK2iUwNaFvCT.jpg,/Adg0gp8kGKXUSe8emJByRbvweGk.jpg
2025-10-26,Dragonball Evolution,2009.0,https://boxd.it/1ODy,0.5,14164.0,"Action, Adventure, Fantasy, Science Fiction, Thriller","On his 18th birthday, Goku receives a mystical Dragonball as a gift from his grandfather. There are only six others like it in the whole world, and legend has it that whoever possesses all seven will be granted one perfect wish. When the arrival of a dark force triggers a tragedy, Goku and his companions are propelled into an epic quest to collect the seven Dragonballs and save the Earth from destruction.",,,,/sunS9xhPnFNP5wlOWrvbpBteAB.jpg,/5sXBW3XYwCA3FZxVoaIVI1hGOK6.jpg
2025-10-26,Coach Carter,2005.0,https://boxd.it/218e,4.0,7214.0,"Drama, History","Based on a true story, in which Richmond High School head basketball coach Ken Carter made headlines in 1999 for benching his undefeated team due to poor academic results.",,,,/y3HOTTyM5nLsdUzXFtFCohG28qj.jpg,/n4CvA50GBtIPrSqCl8nMNZCliYI.jpg
2025-10-25,V/H/S/Halloween,2025.0,https://boxd.it/QS3Q,2.5,1373445.0,"Horror, Thriller","A collection of Halloween-themed videotapes unleashes a series of twisted, blood-soaked tales, turning trick-or-treat into a struggle for survival.",,,,/bvMKSZtN8KAdtlKoYbEi1Zhyaou.jpg,/2JHJtATet58dzGpEwFek0kKGJFo.jpg
2025-10-23,A Big Bold Beautiful Journey,2025.0,https://boxd.it/Lcle,3.5,1241921.0,"Romance, Fantasy, Drama","Sarah and David are single strangers who meet at a mutual friend’s wedding and soon, through a surprising twist of fate, find themselves on a funny, fantastical, sweeping adventure together where they get to re-live important moments from their respective pasts, illuminating how they got to where they are in the present... and possibly getting a chance to alter their futures.",,,,/uMAkmQlKthQpTMiyPAKOYK3JnMs.jpg,/2ha0wAOqrUcLScStWQcgeOOXapQ.jpg
2025-10-22,Puppy Love,2023.0,https://boxd.it/HeaE,4.0,1143319.0,"Comedy, Romance","After a disastrous first date, wild-child Nicole and socially-anxious Max vow to lose each other’s numbers until they learn that their dogs found a love match, and now puppies are on the way! The hilariously mismatched Nicole and Max are forced to become responsible co-parents, but may end up finding love themselves.",,,,/zjpsW3sflsoxahFyFujvTnWUuqV.jpg,/pzvnnpJmCtSZMw44WYVEqldhn17.jpg
2025-10-16,Bring Her Back,2025.0,https://boxd.it/Hxlc,4.0,1151031.0,Horror,"Following the death of their father, a brother and sister are sent to live with a foster mother, only to learn that she is hiding a terrifying secret.",,,,/fp4PvxoWb9bwsvInicJPXByj4CS.jpg,/2IIKts2A9vnUdM9tTC76B8tDmuZ.jpg
2025-10-16,Limitless,2011.0,https://boxd.it/Aly,3.0,51876.0,"Thriller, Mystery, Science Fiction",The life of an unsuccessful writer is transformed by a top-secret 'smart drug' that allows him to use 100% of his brain and become a perfect version of himself. His enhanced abilities soon attract shadowy forces that threaten his new life.,,,,/kCokPP4WCQRrrAuZ7FcpIyHr8b2.jpg,/vQGo5VjJcHxpzIa8lMBFzpAth1w.jpg
2025-10-10,IF,2024.0,https://boxd.it/nJwG,3.0,639720.0,"Comedy, Fantasy, Family","After discovering she can see everyone's imaginary friends, a girl embarks on a magical adventure to reconnect forgotten imaginary friends with their kids.",,,,/xbKFv4KF3sVYuWKllLlwWDmuZP7.jpg,/nxxCPRGTzxUH8SFMrIsvMmdxHti.jpg
2025-10-08,HIM,2025.0,https://boxd.it/BfYI,3.5,986097.0,"Horror, Mystery","After suffering a potentially career-ending brain trauma, Cameron Cade receives a lifeline when his hero, legendary eight-time Championship quarterback and cultural megastar Isaiah White, offers to train Cam at Isaiah's isolated compound that he shares with his celebrity influencer wife. But as Cam's training accelerates, Isaiah's charisma begins to curdle into something darker.",,,,/qPJzcYR2f1O1uynYBCVPPJuOiAH.jpg,/jzzpCJWkVZZwAxzzLmtYN0MBWFd.jpg
2025-10-08,The Man with the Black Umbrella,2025.0,https://boxd.it/RPl0,2.0,1399457.0,Horror,"On January 8th, 2015, a man with a black umbrella broke into 818 Hilltop Drive at 3:38a.m., committing a double murder.  The investigation that ensued proved that some murders shouldn’t be solved.",,,,/inSk8zJig5cCBI0HytXY71mQNpf.jpg,/rEYIy20obMtiuHmiVtXBEn1DUtr.jpg
2025-10-08,PVT Chat,2020.0,https://boxd.it/oXaw,2.0,670129.0,Drama,"Jack is an internet gambler living in NYC. After the death of his roommate, he becomes fixated on Scarlet - a cam girl from San Francisco. His obsession reaches a boiling point when fantasy materializes in reality and Jack sees Scarlet on a rainy NYC Chinatown street.",,,,/tvGBoCe0IPRlpwx5QsrRrcMmuLT.jpg,/lRIMbdpZL0Z7Aa65sb5dm9ulHdR.jpg
2025-10-08,The Dreamers,2003.0,https://boxd.it/28X4,3.0,1278.0,"Drama, Romance","When Isabelle and Theo invite Matthew to stay with them, what begins as a casual friendship ripens into a sensual voyage of discovery and desire in which nothing is off limits and everything is possible.",,,,/gBb7GGaFYPu7nEUYvC8G4LaJJN1.jpg,/vaRCS4CCFXcWz1j9GKd6rGLsQQ2.jpg
2025-10-07,The Home,2025.0,https://boxd.it/yUsC,2.0,926606.0,"Mystery, Horror, Thriller","A troubled man starts working at a retirement home and realizes its residents and caretakers harbor sinister secrets. As he investigates the building and its forbidden fourth floor, he starts to uncover connections to his own past and upbringing as a foster child.",,,,/qyGY1k5GqAORsVhfZA3gFKirZWD.jpg,/Lu57GTE24Ja5O61jieY2aIBk8d.jpg
2025-10-07,Bikini Nuns,2025.0,https://boxd.it/OM58,1.0,1330610.0,"Crime, Horror","A fearless trio of nuns is out for revenge. After being wronged by ruthless men, they trade their habits for high-powered weapons, taking justice into their own hands.",,,,/i4lcAfWPT4mDZPVoy6ZC9c89WFH.jpg,/vi8FAVyHQsEZ7cTXEDeCS6yQSje.jpg
2025-10-06,Goldman v Silverman,2020.0,https://boxd.it/oIV8,2.5,664394.0,"Drama, Comedy",Rod Goldman and Al Silverman are street performers who work the tourist scene of Times Square. Goldman gets no respect and Silverman is the first one to make sure of that.,,,,/leslGAKPG0HS37gt3Zr6vu8MM3v.jpg,/ndzlj4QTSyHK7kMAaZD5RkpdOUx.jpg
2025-10-06,"Je T'Aime, Je T'Aime",1968.0,https://boxd.it/23P0,4.0,4798.0,"Drama, Science Fiction","Recovering from an attempted suicide, a man is selected to participate in a time travel experiment that has only been tested on mice. A malfunction in the experiment causes the man to experience moments from his past in a random order.",,,,/A5jRNmJHFkY8mQAFO4SOocm8ZrS.jpg,/knn3SEUUakHOoU0a4dDwL1Yi6JF.jpg
2025-10-05,Special 26,2013.0,https://boxd.it/59fS,3.5,165904.0,"Crime, Drama, Thriller","During the 1980s in India, a group of con artists rob businessmen and politicians by conducting fake raids, posing as officers of the CBI or Income Tax Department . They plan to execute their biggest con as a final job while a relentless cop is on their trail.",,,,/cOo6lOiZXO0zldPKsih9asKPWDo.jpg,/yQxYnMCIsjd0rXm5hyXZzmE549O.jpg
2025-10-03,Kesari Chapter 2: The Untold Story of Jallianwala Bagh,2025.0,https://boxd.it/GZlM,4.0,1137339.0,"Drama, History","A dramatization of the life story of C. Sankaran Nair, the lawyer who fought for the truth behind the Jallianwala Bagh massacre.",,,,/jgGSqe1YgSot6Y1zDVTVkbsZ46z.jpg,/7vGWPw9y9uJ8SZ17oyy2Ts3EmdD.jpg
2025-10-02,Piccolo Junior’s,,https://boxd.it/wOsC,2.5,870181.0,Animation,A diminutive pizza chef fears for his life when he encounters a mysterious patron.,,,,,
2025-09-30,House on Eden,2025.0,https://boxd.it/Qrys,2.5,1362514.0,Horror,"Paranormal investigators Kris, Celina and their videographer Jay are rerouted to an abandoned house deep in the woods, where they find themselves facing a force unlike anything they've encountered before. As the night spirals into chaos, missing crew members and eerie phenomena hint at an ancient, malevolent presence watching their every move.",,,,/2xVyCvnuVVRpYohPxrvwxZiH49r.jpg,/qMV1paVi1WiHkmKH5uzIBDDh4Gf.jpg
2025-09-30,The Wonderful Story of Henry Sugar and Three More,2024.0,https://boxd.it/LYEy,4.5,1259365.0,"Comedy, Drama, Fantasy","Four tales unfold in Wes Anderson's anthology of short films adapted from Roald Dahl's beloved stories, ""The Wonderful Story of Henry Sugar"", ""The Swan"", ""The Rat Catcher"", and ""Poison.""",,,,/8gBOtLTs0GNMEZnisAK132o5V67.jpg,/9MVdbQVNZA92fh4klywkNPbBeKC.jpg
2025-09-30,Poison,2023.0,https://boxd.it/Is7Q,4.0,1172676.0,"Comedy, Thriller","When a poisonous snake slithers onto an Englishman's stomach in India, his associate and a doctor race to save him.",,,,/IQG49DUJw5DsgcNbW0NfagiDOs.jpg,/hrqPHNioMoCVyyh8FCcaINTv6Nu.jpg
2025-09-30,The Wonderful Story of Henry Sugar,2023.0,https://boxd.it/yNyo,4.0,923939.0,"Comedy, Fantasy, Drama",A rich man learns about a guru who can see without using his eyes. He sets out to master the skill in order to cheat at gambling.,,,,/fDUywEHwHh6nsLnVXAdPN9m4ZUG.jpg,/dS4JR8gmj8UnamjuLEyAkEFoppy.jpg
2025-09-30,The Swan,2023.0,https://boxd.it/Is80,3.5,1172675.0,Drama,"Two large, ignorant bullies ruthlessly pursue a small, brilliant boy in this young adult Roald Dahl short story.",,,,/fRbx6DPdQBJrhZWyshjJABtAIyu.jpg,/oIUDSK3CCqkpe6lct8YPuUupFes.jpg
2025-09-30,The Rat Catcher,2023.0,https://boxd.it/Is8a,3.0,1172674.0,Comedy,"In an English village, a reporter and a mechanic listen to a ratcatcher explain his clever plan to outwit his prey.",,,,/29WJ7dOHt48AtXK1J1rONEEvIMN.jpg,/aQuzqump4Zjh2bCoymZ2POLlNYt.jpg
2025-09-30,If Anything Happens I Love You,2020.0,https://boxd.it/qIv4,4.5,713776.0,"Drama, Animation","In this Oscar-winning short film, grieving parents journey through an emotional void as they mourn the loss of a child after a tragic school shooting.",,,,/85tDhACvKDQxQoJhBYLvDU0ik1n.jpg,/tfhKc6tMxBVZuiipbXWUYdXyMYj.jpg
2025-09-30,Host,2020.0,https://boxd.it/r5O4,4.0,723072.0,Horror,"Six friends hire a medium to hold a séance via Zoom during lockdown — but they get far more than they bargained for as things quickly go wrong. When an evil spirit starts invading their homes, they begin to realise they might not survive the night.",,,,/h7dZpJDORYs5c56dydbrLFkEXpE.jpg,/buop8brXQ8gGiOPrVTxZZUqE8Oa.jpg
2025-09-30,Hotel Chevalier,2007.0,https://boxd.it/21Ic,3.0,6418.0,"Drama, Romance","In a Paris hotel room, Jack Whitman lies on a bed. His phone rings; it's a woman on her way to see him, a surprise. She arrives and the complications of their relationship emerge in bits and pieces. Will they make love? Is their relationship over? (A prequel to The Darjeeling Limited, 2007.)",,,,/fiWLuGIUAcJtu2hs7KlcZ0O2Ix3.jpg,/kvlXOT8snP7qplRpkOSAZahH5UB.jpg
2025-09-29,1408,2007.0,https://boxd.it/25Vu,3.0,3021.0,"Horror, Mystery","A man who specializes in debunking paranormal occurrences checks into the fabled room 1408 in the Dolphin Hotel. Soon after settling in, he confronts genuine terror.",,,,/yE9MCW7ZNxSw5SC1TMqm51pMBIV.jpg,/9CaNCElCXrjdJoUadfXHiNTMFcR.jpg
2025-09-29,No Smoking,2007.0,https://boxd.it/1b5W,2.5,36204.0,"Thriller, Drama",A heavily addicted smoker is unprepared for the true price he must pay when he asks a guru's help to kick the habit.,,,,/gBiC8PvATw7cMhszMvPVBuTt93M.jpg,/q64vjfQkPPVGj5OvosJvswMhpqM.jpg
2025-09-28,Dead Silence,2007.0,https://boxd.it/1OWK,3.0,14001.0,Horror,"Jamie returns to his hometown in search of answers to his wife's murder, which occurred after receiving a weird package containing a ventriloquist dummy named Billy, which may be linked to the legend of ventriloquist Mary Shaw. Destined to find out the truth, Jamie goes to the town of Raven's Fair, where Shaw used to perform and is buried. But Jamie is in for more than he expected.",,,,/rvcUVdATIHKZt7BSSttUkKbeBXN.jpg,/xMjAkXpCb55FTAV7By31p3TQMxb.jpg
2025-09-28,Casper,1995.0,https://boxd.it/1ZMw,4.0,8839.0,"Fantasy, Comedy, Family","Casper is a kind young ghost who peacefully haunts a mansion in Maine. When specialist James Harvey arrives to communicate with Casper and his fellow spirits, he brings along his teenage daughter, Kat. Casper quickly falls in love with Kat, but their budding relationship is complicated not only by his transparent state, but also by his troublemaking apparition uncles and their mischievous antics.",,,,/2ah8fNJFZVU3vcXhU5xfAYi2eym.jpg,/sQPckU0TfSeYIlUneHfIXwzQC2f.jpg
2025-09-28,Edward Scissorhands,1990.0,https://boxd.it/2aZc,3.5,162.0,"Fantasy, Drama, Romance",A small suburban town receives a visit from a castaway unfinished science experiment named Edward.,,,,/e0FqKFvGPdQNWG8tF9cZBtev9Em.jpg,/uNLIMPxknsV4n3IAEDpS1iqF5dm.jpg
2025-09-26,The Twilight Samurai,2002.0,https://boxd.it/1RRI,4.5,12496.0,"Drama, Romance","Seibei Iguchi leads a difficult life as a low ranking samurai at the turn of the nineteenth century. A widower with a meager income, Seibei struggles to take care of his two daughters and senile mother. New prospects seem to open up when the beautiful Tomoe, a childhood friend, comes back into he and his daughters' life, but as the Japanese feudal system unravels, Seibei is still bound by the code of honor of the samurai and by his own sense of social precedence. How can he find a way to do what is best for those he loves?",,,,/bB2M8UF8wc9flfGWkcgkTTf8Mzr.jpg,/pNpQf1ZwdKLHo25jFSDisMfqXJl.jpg
2025-09-25,Reservoir Dogs,1992.0,https://boxd.it/2agc,4.5,500.0,"Crime, Thriller","A botched robbery indicates a police informant, and the pressure mounts in the aftermath at a warehouse. Crime begets violence as the survivors -- veteran Mr. White, newcomer Mr. Orange, psychopathic parolee Mr. Blonde, bickering weasel Mr. Pink and Nice Guy Eddie -- unravel.",,,,/xi8Iu6qyTfyZVDVy60raIOYJJmk.jpg,/jwt159hXWA9Q5xpBo8hWb3zwLi7.jpg
2025-09-22,Shark Skin Man and Peach Hip Girl,1998.0,https://boxd.it/19D8,3.5,36867.0,"Crime, Comedy, Thriller, Action","In dreamlike mountain scenery, Toshiko makes a daring escape from her sexually warped Uncle Sonezaki. Fortunately, she met Samehada as she runs for her life, which is also escaping from some slayers. What follows is a wild chase that leads the audience into a comically violent world.",,,,/31rPJUTmffhsKmCT996kKIBflkL.jpg,/zaydFrMVU5mn3ajBc3VwbNasYAG.jpg
2025-09-21,Splitsville,2025.0,https://boxd.it/PGtA,3.5,1337562.0,Comedy,"After Ashley asks for a divorce, good-natured Carey runs to his friends, Julie and Paul, for support. He’s shocked to discover that the secret to their happiness is an open marriage, that is until Carey crosses the line and throws all of their relationships into chaos.",,,,/gxCv6kUdywxYzIXX6xYcmX5APUV.jpg,/AbaRJXNmyLjG4tY48k2fhNNmuW4.jpg
2025-09-19,"tick, tick... BOOM!",2021.0,https://boxd.it/jz2e,4.5,537116.0,"Drama, Music","On the brink of turning 30, a promising theater composer navigates love, friendship and the pressure to create something great before time runs out.",,,,/DPmfcuR8fh8ROYXgdjrAjSGA0o.jpg,/rKe3MR2u4ZZ0y9uKivzKJRrqBCe.jpg
2025-09-19,The Florida Project,2017.0,https://boxd.it/dMG0,4.0,394117.0,Drama,"The story of a precocious six year-old and her ragtag group of friends whose summer break is filled with childhood wonder, possibility and a sense of adventure while the adults around them struggle with hard times.",,,,/5QnDxdJg1fi6uMSkSi4x8tHsltm.jpg,/GOwNU7Z9G3ORjNxdZnURfuIGS6.jpg
2025-09-18,Highest 2 Lowest,2025.0,https://boxd.it/LcIC,2.5,1242434.0,"Thriller, Crime, Drama","When a titan music mogul, widely known as having the ""best ears in the business"", is targeted with a ransom plot, he is jammed up in a life-or-death moral dilemma.",,,,/RFQtinuiHhOnbmJaCn3uzegCYF.jpg,/saErQCTkKbqiggCJbSltBMDD4oy.jpg
2025-09-18,High and Low,1963.0,https://boxd.it/1RSc,4.5,12493.0,"Drama, Crime",A Yokohama shoe executive faces a wrenching choice when kidnappers mistakenly seize his chauffeur’s son but demand the ransom anyway.,,,,/tgNjemQPG96uIezpiUiXFcer5ga.jpg,/i1NjlccZcuqbgDCS92RHdhEnx59.jpg
2025-09-12,"Cougars, Inc.",2011.0,https://boxd.it/gmQ,2.0,60302.0,"Comedy, Drama","When Sam learns his mother cannot afford to send him to another school after he is kicked out, he and his friends start their own escort service for mature women to pay for his tuition.",,,,/qDK4wYJyM3CGQdXbKcnXSb2wbWl.jpg,/7IGu4NCYnXYgPRn96i7jhsuDC8e.jpg
2025-09-11,Football's Financial Shame: The Story of the V11,2025.0,https://boxd.it/XoOw,3.5,1540850.0,Documentary,"Unveiling a hidden scandal affecting a group of former players of the Premier League, the world's biggest and richest football league.",,,,/ArMZkbKMc5upqbO1OEz2oi9LYrG.jpg,/iqYwFvXVflCYf96CCYlEFaOB8e.jpg
2025-09-11,Robinson Crusoe,1954.0,https://boxd.it/sWw,3.0,54979.0,"Adventure, Drama","The titular adventurer, after defying his parents to go to sea, survives a shipwreck and becomes a castaway on a deserted island for nearly thirty years, learning to build a new life from scratch, discovering companionship with a native man he names Friday, and eventually returning to civilisation a changed man, finding wealth and new challenges.",,,,/jZU3j6mVlidq5G1Hr6wpfS1Pwlj.jpg,/1cmKxkRkiGYo0DaPSYZOwYG1Yx2.jpg
2025-09-09,Tom and Grant,2018.0,https://boxd.it/h7zU,4.0,476900.0,Comedy,"Two brazenly inept thieves attempt to rob a bank without a plan, a clue-or a gun.",,,,/fqH0a5KWXmmVoHvq2PkE0q5Y21p.jpg,/hfYhGohD7ftZYKYzOPbfldhPdaV.jpg
2025-09-08,House,1977.0,https://boxd.it/1vsm,3.5,25623.0,"Comedy, Fantasy, Horror","Hoping to find a sense of connection to her late mother, Gorgeous takes a trip with her friends to visit her aunt's ancestral house in the countryside. The girls soon discover that there is more to the old house than meets the eye.",,,,/ryZ3DdZPvXVCv9qRCtVRfmNbYAH.jpg,/5040XNTvwARvLq1KtfCgJXBj3LC.jpg
2025-09-07,28 Years Later,2025.0,https://boxd.it/FEGM,4.0,1100988.0,"Horror, Thriller, Science Fiction","Twenty-eight years after the Rage virus outbreak, a heavily-defended island survives connected to the mainland by a single causeway. When one of the group leaves the island into the dark heart of the mainland, he discovers secrets, wonders, and horrors that have mutated not only the infected but other survivors as well.",,,,/n5FygjEppOvac6yEaowi26nTyw3.jpg,/6WqqEjiycNvDLjbEClM1zCwIbDD.jpg
2025-09-07,Unknown Number: The High School Catfish,2025.0,https://boxd.it/WtQq,2.5,1517772.0,Documentary,"Vulgar, taunting texts blow up the phones of a teen and her boyfriend. Who's sending them — and why? This twisty documentary reveals the shocking answer.",,,,/nu3LtgefE2lsgYw1hxHZFoBXk9U.jpg,/fPLUMQFdjHZWe38lgxPSwuBi062.jpg
2025-09-07,Ghostbusters,2016.0,https://boxd.it/Vm8,2.5,43074.0,"Action, Fantasy, Comedy","Following a ghost invasion of Manhattan, paranormal enthusiasts Erin Gilbert and Abby Yates, nuclear engineer Jillian Holtzmann, and subway worker Patty Tolan band together to stop the otherworldly threat.",,,,/wJmWliwXIgZOCCVOcGRBhce7xPS.jpg,/3KDHaahgXlUhmpXzoRZrLc7QSBM.jpg
2025-09-05,Following,1998.0,https://boxd.it/1Tj4,3.0,11660.0,"Drama, Thriller","Bill, an idle, unemployed aspiring writer, walks the crowded streets of London following randomly chosen strangers, a seemingly innocent entertainment that becomes dangerous when he crosses paths with a mysterious character.",,,,/3bX6VVSMf0dvzk5pMT4ALG5A92d.jpg,/yf5I5VHllK4h5VdbxHfQ40RBTe8.jpg
2025-09-03,"Sorry, Baby",2025.0,https://boxd.it/JKNi,4.0,1205515.0,"Drama, Comedy","Agnes feels stuck. Unlike her best friend, Lydie, who’s moved to New York and is now expecting a baby, Agnes still lives in the New England house they once shared as graduate students, now working as a professor at her alma mater. A ‘bad thing’ happened to Agnes a few years ago and, since then, despite her best efforts, life hasn’t gotten back on track.",,,,/n8wZEQen5hDNRGzm4fY4sxWe5xe.jpg,/nVHEjkA8vuEGJLfNUOmVW5md6yn.jpg
2025-09-03,Waiting,2012.0,https://boxd.it/j3Fe,3.0,524623.0,"Horror, Animation","An old woman waits for the bus at night, but she is not alone.",,,,/1PDuxh9cr7n0JhPjOAYltlJFZwC.jpg,/6tnlMu7BfPC7OgpoC7vPyf0n6Xx.jpg
2025-09-03,Sansho the Bailiff,1954.0,https://boxd.it/1Dkq,4.0,20532.0,Drama,"In medieval Japan, a woman and her children journey to find the family's patriarch, who was exiled years earlier.",,,,/cOBsWxFtEoqXIPx4JZP5E7g1WEo.jpg,/7m8b1YwEeK8NeMkiSbPY8CMJx6a.jpg
2025-09-02,Mama Agnes 2,2024.0,https://boxd.it/Wa7m,1.0,,,,,,,,
2025-09-02,Mama Agnes,2023.0,https://boxd.it/P0sK,2.5,,,,,,,,
2025-09-02,Inside Out,2012.0,https://boxd.it/uPhm,2.5,92291.0,"Drama, Thriller",An agoraphobic must give up his sheltered life and venture outside after a series of personal and financial problems.,,,,/8QnVkSlie7UOG527eVOxPaCr7om.jpg,
2025-08-29,The Legend of Ochi,2025.0,https://boxd.it/xRZm,2.5,896536.0,"Family, Fantasy, Adventure","In a remote village on the island of Carpathia, a shy farm girl named Yuri is raised to fear an elusive animal species known as ochi. But when Yuri discovers a wounded baby ochi has been left behind, she escapes on a quest to bring him home.",,,,/qYyEelO4JfOwE0Ui5KsrCE0O8UA.jpg,/yMatVGaUxw3Vi3Z0RsLetvcSYko.jpg
2025-08-28,Stans,2025.0,https://boxd.it/LlvW,5.0,1244999.0,"Documentary, Music","A revealing, edgy, and disarmingly personal journey into the world of superfandom, told through the lens of one of the world's most iconic and enduring artists, Eminem, and the fans that worship him.",,,,/jqIvV9wWIA5h1UREfCcnBBlcr6Q.jpg,/cY6IXwtmc8xdznDlw2eegB8OGx1.jpg
2025-08-23,Eddington,2025.0,https://boxd.it/o6MC,3.0,648878.0,"Western, Comedy, Crime","In May of 2020, a standoff between a small-town sheriff and mayor sparks a powder keg as neighbor is pitted against neighbor in Eddington, New Mexico.",,,,/4GIqZUgPZ146BhibsPHMHef2nXX.jpg,/5PJkK2iVXRO1ydrtgwuJdevmnOe.jpg
2025-08-14,The Occupant,2025.0,https://boxd.it/MQNk,2.5,1280444.0,"Science Fiction, Drama, Thriller","Desperate to save her sister, Abby takes a dangerous job in the remote Georgian wilderness. Stranded in the mountains after her helicopter crashes, she finds hope through John, a mysterious helper radioing from nearby. As he guides her through the harsh conditions, Abby struggles to survive, and her grip on reality falters until she is faced with an impossible choice.",,,,/hIhJcFP7QhL85ag401W2eJw9ukL.jpg,/hltwDG1SWl1BqjORA619hIJb4Ui.jpg
2025-08-14,The Conjuring,2013.0,https://boxd.it/4sr2,4.0,138843.0,"Horror, Thriller","Paranormal investigators Ed and Lorraine Warren work to help a family terrorized by a dark presence in their farmhouse. Forced to confront a powerful entity, the Warrens find themselves caught in the most terrifying case of their lives.",,,,/wVYREutTvI2tmxr6ujrHT704wGF.jpg,/ecKQlAEG95k62SMGhvX83oEqANK.jpg
2025-08-12,The Naked Gun,2025.0,https://boxd.it/Da9k,3.5,1035259.0,"Action, Comedy, Crime","Only one man has the particular set of skills... to lead Police Squad and save the world: Lt. Frank Drebin Jr. Following in his father's footsteps, he must solve a murder case to prevent Police Squad from closure.",,,,/rwla9vqzrKVVKVKiOuROTIXGsxj.jpg,/1wi1hcbl6KYqARjdQ4qrBWZdiau.jpg
2025-08-12,Dashavatar,2008.0,https://boxd.it/1hEI,3.5,32137.0,"Music, Animation, Family",Two children are transported through time to learn about the 10 avatars of Lord Vishnu and discover that Vishnu took on various incarnations to combat evil in every era.,,,,/i1hOuoNpzbFIa6ZjTAoSkbvfnKv.jpg,/t5lLjCvwxr83yKneL2fjED6QPxW.jpg
2025-08-10,Hawking,2004.0,https://boxd.it/1dau,3.5,34843.0,"Drama, TV Movie","The story of Professor Stephen Hawking's early years. It is 1963, and our young cosmologist celebrates his 21st birthday. At the party is a new friend, Jane Wilde - there is a strong attraction between the two. Jane is intrigued by Stephen's talk of stars and the Universe. But she realises that there is something very wrong when Stephen suddenly finds that he is unable to stand up.",,,,/zqQZ050fNDnKzRWTo6Q0iLdDLMs.jpg,/gYekT5QeTM47iWT555JQrEbRNmv.jpg
2025-08-09,Guardians of the Galaxy Vol. 2,2017.0,https://boxd.it/8MxC,3.0,283995.0,"Science Fiction, Adventure, Action",The Guardians must fight to keep their newfound family together as they unravel the mysteries of Peter Quill's true parentage.,,,,/y4MBh0EjBlMuOzv9axM4qJlmhzz.jpg,/bW93ycPSSi3Hxx1NvlMX5qm2mQu.jpg
2025-08-09,Guardians of the Galaxy,2014.0,https://boxd.it/3VH2,3.5,118340.0,"Action, Science Fiction, Adventure","Light years from Earth, 26 years after being abducted, Peter Quill finds himself the prime target of a manhunt after discovering an orb wanted by Ronan the Accuser.",,,,/r7vmZjiyZw9rpJMQJdXpjgiCOk9.jpg,/uLtVbjvS1O7gXL8lUOwsFOH4man.jpg
2025-08-07,Guardians of the Galaxy Vol. 3,2023.0,https://boxd.it/fVNI,4.5,447365.0,"Science Fiction, Adventure, Action","Peter Quill, still reeling from the loss of Gamora, must rally his team around him to defend the universe along with protecting one of their own. A mission that, if not completed successfully, could quite possibly lead to the end of the Guardians as we know them.",,,,/r2J02Z2OpNTctfOSN1Ydgii51I3.jpg,/5YZbUmjbMa3ClvSW1Wj3D6XGolb.jpg
2025-08-05,Kung Fu Panda 4,2024.0,https://boxd.it/CepE,2.0,1011985.0,"Animation, Family, Action, Comedy, Adventure, Fantasy","Po is gearing up to become the spiritual leader of his Valley of Peace, but also needs someone to take his place as Dragon Warrior. As such, he will train a new kung fu practitioner for the spot and will encounter a villain called the Chameleon who conjures villains from the past.",,,,/kDp1vUBnMpe8ak4rjgl3cLELqjU.jpg,/3ffPx9jqg0yj9y1KWeagT7D20CB.jpg
2025-08-02,Happy Gilmore 2,2025.0,https://boxd.it/M8PQ,3.5,1263256.0,Comedy,"Happy Gilmore isn't done with golf — not by a long shot. Since his retirement after his first Tour Championship win, Gilmore returns to finance his daughter's ballet classes.",,,,/E3dPHPJigkXwuiE0n1vzz0se8a.jpg,/dRgfr6i95s4qEZkdtWdJP495E75.jpg
2025-08-01,The Fantastic 4: First Steps,2025.0,https://boxd.it/mP6C,4.0,617126.0,"Science Fiction, Adventure, Action","Against the vibrant backdrop of a 1960s-inspired, retro-futuristic world, Marvel's First Family is forced to balance their roles as heroes with the strength of their family bond, while defending Earth from a ravenous space god called Galactus and his enigmatic Herald, Silver Surfer.",,,,/nf5qaSEvyYSNeFH0YhSs5EsBLX9.jpg,/s94NjfKkcSczZ1FembwmQZwsuwY.jpg
2025-08-01,Mahavatar Narsimha,2024.0,https://boxd.it/RdXU,5.0,1383072.0,"Animation, Action, Fantasy, Drama","Tyrannical demon Hiranyakashyap challenges Vishnu, proclaiming himself a god. However, his son Prahlad remains devoted to Vishnu, who appears as Narsimha to defeat the demon.",,,,/uGTF87VyfjtwwqRlT2apQg5YnEp.jpg,/xFjk2l1SGgvrMYlFIHGiP7BfvEY.jpg
2025-08-01,The BFG,2016.0,https://boxd.it/81cs,3.0,267935.0,"Adventure, Family, Fantasy","An orphan little girl befriends a benevolent giant who takes her to Giant Country, where they attempt to stop the man-eating giants that are invading the human world.",,,,/w17Mc2x2olB5CtewznUFxgpvne0.jpg,/tOTtJelsPKX0bvSdvDVL2ou3cGS.jpg
2025-07-30,Ted 2,2015.0,https://boxd.it/6oCY,3.0,214756.0,"Comedy, Fantasy","Newlywed couple Ted and Tami-Lynn want to have a baby, but in order to qualify to be a parent, Ted will have to prove he's a person in a court of law.",,,,/38C91I7Xft0gyY7BITm8i4yvuRb.jpg,/xtHonIIIQXverDQM08TMQXjn9Fe.jpg
2025-07-29,That's My Boy,2012.0,https://boxd.it/35IW,3.0,87428.0,Comedy,"While in his teens, Donny fathered a son, Todd, and raised him as a single parent up until Todd's 18th birthday. Now, after not seeing each other for years, Todd's world comes crashing down when Donny resurfaces just before Todd's wedding.",,,,/oaLhdRsZ5Mq8VfZtA4Wlvjzzn0X.jpg,/pm6RRZOnkZW8MYIZPDnETD4FD40.jpg
2025-07-29,You Don't Mess with the Zohan,2008.0,https://boxd.it/1VHs,3.5,10661.0,"Comedy, Action",An Israeli counterterrorism soldier with a secretly fabulous ambition to become a Manhattan hairstylist. Zohan's desire runs so deep that he'll do anything -- including faking his own death and going head-to-head with an Arab cab driver -- to make his dreams come true.,,,,/gBhLQmpCPoKFMCGsulMbIFzrBID.jpg,/tfUotS2rLaIu7ieJPDonyDn5EqQ.jpg
2025-07-29,A.I. Artificial Intelligence,2001.0,https://boxd.it/29Ve,3.5,644.0,"Drama, Science Fiction, Adventure","David, a robotic boy—the first of his kind programmed to love—is adopted as a test case by a Cybertronics employee and his wife. Though he gradually becomes their child, a series of unexpected circumstances make this life impossible for David.",,,,/wnUAcUrMRGPPZUDroLeZhSjLkuu.jpg,/n7p6UTAZtkeoHkwCO42BEQaMFJY.jpg
2025-07-28,Fantastic Four,2005.0,https://boxd.it/1XVw,3.0,9738.0,"Action, Fantasy, Science Fiction","During a space voyage, four scientists are altered by cosmic rays: Reed Richards gains the ability to stretch his body; Sue Storm can become invisible; Johnny Storm controls fire; and Ben Grimm is turned into a super-strong … thing. Together, these ""Fantastic Four"" must now thwart the evil plans of Dr. Doom and save the world from certain destruction.",,,,/4YMcYEFS8sFuW3soP1HVmgR3cSm.jpg,/2cDXXLirYsoP6rk9B8yrvNHbbFy.jpg
2025-07-27,A Christmas Gift from Bob,2020.0,https://boxd.it/p7va,3.0,673737.0,"Family, Drama","James Bowen finds himself the target of an animal welfare investigation that threatens to take away his beloved cat, Bob, at Christmas.",,,,/soZ6XPBxp3LPPbYhJSerbzw5ReC.jpg,/oKtuit0R4v4i6colEDeYpdTKKqS.jpg
2025-07-27,Sherlock: The Abominable Bride,2016.0,https://boxd.it/dbTQ,4.0,379170.0,"Crime, Drama, Mystery, Thriller, TV Movie",Sherlock Holmes and Dr. Watson find themselves in 1890s London in this holiday special.,,,,/hibE8cyZs2Bm0o4WaWd1pppvjO2.jpg,/gGeoc8rFfPRIakXNttoFU85YVwv.jpg
2025-07-27,Krrish 3,2013.0,https://boxd.it/68tm,4.0,204435.0,"Action, Science Fiction",Krrish and his father must team up to save the world from a psychokinetic evil man named Kaal and his army of mutants.,,,,/tuHHTj59CNXGhI9eRZM47aa3zuC.jpg,/rG2pFglPrNS1H0UmFu5z5KTTPtJ.jpg
2025-07-25,Dragon Ball Super: Super Hero,2022.0,https://boxd.it/mxII,3.5,610150.0,"Animation, Science Fiction, Action","The Red Ribbon Army, an evil organization that was once destroyed by Goku in the past, has been reformed by a group of people who have created new and mightier Androids, Gamma 1 and Gamma 2, and seek vengeance against Goku and his family.",,,,/pi0iZOEHeA3ih4p1IwAG4x2DZNH.jpg,/uR0FopHrAjDlG5q6PZB07a1JOva.jpg
2025-07-25,Mission Mangal,2019.0,https://boxd.it/mBBc,4.5,611594.0,"Drama, History",A team of Indian scientists at ISRO (Indian Space Research Organisation) take on the extraordinary task of successfully sending a satellite into the orbit of planet Mars in a country's maiden attempt.,,,,/yUR7yDFNXQSoA51G0PPjIXOG2C9.jpg,/5p38BElzTB4ltpJ2hMqept3Sfzh.jpg
2025-07-25,War,2019.0,https://boxd.it/lwH8,4.0,585268.0,"Action, Thriller, Adventure","Khalid, entrusted with the task of eliminating former soldier turned rogue Kabir, engages in an epic battle with his mentor who taught him everything.",,,,/yUtaHkL2SDIAZhRApZAyQrAXygn.jpg,/aOSDKvqglKVa3SYy4CPXYUAfDlf.jpg
2025-07-25,Super 30,2019.0,https://boxd.it/jrkE,3.5,534075.0,Drama,Based on life of Patna-based mathematician Anand Kumar who runs the famed Super 30 program for financially weak IIT aspirants in Patna.,,,,/n0LdZvEqZjnSQSHzzwryFBYjXk1.jpg,/sEACj18R38zDPhyU7xWmLByDcwq.jpg
2025-07-25,Dragon Ball Super: Broly,2018.0,https://boxd.it/iaWE,4.5,503314.0,"Action, Science Fiction, Animation","Earth is peaceful following the Tournament of Power. Realizing that the universes still hold many more strong people yet to see, Goku spends all his days training to reach even greater heights. Then one day, Goku and Vegeta are faced by a Saiyan called 'Broly' who they've never seen before. The Saiyans were supposed to have been almost completely wiped out in the destruction of Planet Vegeta, so what's this one doing on Earth? This encounter between the three Saiyans who have followed completely different destinies turns into a stupendous battle, with even Frieza (back from Hell) getting caught up in the mix.",,,,/uMEgkyiPznZP5AiMSWAk2jsj5gC.jpg,/Dnk4iSqqNkZBJBPeFdAegTaxD5.jpg
2025-07-25,Baby,2015.0,https://boxd.it/a874,3.5,314389.0,"Action, Thriller",A nascent elite team of the Indian intelligence system perpetually strives to detect and eliminate terrorists and their plots. Officer Ajay leads his team to destroy one such potentially lethal ploy in their biggest operation yet.,,,,/5yezGgo37qmd6kDknZKFzbhT19b.jpg,/w94ZL3AcTZpebSLyhKuYfdeeuV6.jpg
2025-07-25,Bang Bang!,2014.0,https://boxd.it/8Lsw,3.5,283589.0,"Action, Adventure, Comedy, Romance, Thriller","A young bank receptionist gets mixed up with Rajveer Nanda, a man who has a mysterious background.",,,,/ixX899bXT1pMXWOXJW4s7JmrEZh.jpg,/rIm7D7PrQoEmnCx9YSPTdSYr35g.jpg
2025-07-25,Guzaarish,2010.0,https://boxd.it/ZbI,4.0,41518.0,"Drama, Romance","Ethan, a magician rendered paralyzed in an accident, sets off a furor when he makes a petition to the court to end his own life.",,,,/uQgjtBBZ9se2Kcir9xQ9xY2kzyl.jpg,/ne9l7T6whDCfdwehphf6Z35GKMv.jpg
2025-07-25,Jodhaa Akbar,2008.0,https://boxd.it/1OOw,3.5,14073.0,"Romance, History, Drama",A sixteenth century love story about a marriage of alliance that gave birth to true love between a Mughal emperor and a Rajput princess.,,,,/gPjgeywFNTlh9IUuXWy85nn4h8J.jpg,/dwdH8HykILUADCIupGsqjcq1ygv.jpg
2025-07-25,Phir Hera Pheri,2006.0,https://boxd.it/1DCk,5.0,20359.0,Comedy,"Raju,  Shyam and Baburao are living happily after having risen from rags to riches. However, they lose it all after falling victim to a chit fund scam due to their greed for more money. Soon, they find themselves in new mess and encounter eccentric and dangerous characters in their quest for a shortcut to riches again.",,,,/c1Mvyd983ZyrU5Vf2aKEe6WncSq.jpg,/urK6J2WurQ9NIcsAEVdCCkfoRWo.jpg
2025-07-25,Dhoom 2,2006.0,https://boxd.it/1OAa,4.0,14194.0,"Drama, Action, Thriller, Crime","Jai and Ali return, this time on the trail of an international thief who steals priceless artifacts and has chosen Mumbai as his next target.",,,,/gTqef9ZqiAl4Bb2ESdAVUdMwDwa.jpg,/yKQjyrGMfNZJDFGoDumZIcCNZvb.jpg
2025-07-25,Kabhi Khushi Kabhie Gham,2001.0,https://boxd.it/1Vtg,4.0,10757.0,"Comedy, Drama","Years after his father disowns his adopted brother for marrying a woman of lower social standing, a young man goes on a mission to reunite his family.",,,,/eJrD94E1msYEa0DygvkvdEKpChm.jpg,/sPMBiyjTco4JdKojlfGIz5Wd0jC.jpg
2025-07-25,Hera Pheri,2000.0,https://boxd.it/1BBO,4.0,21614.0,"Comedy, Crime","Two tenants and a landlord, in desperate need of money, chance upon a ransom call via a cross connection. They hatch a plan to claim the ransom for themselves.",,,,/23MKGUPT5laTStim4TaGhfgSltu.jpg,/AkfqKaD1KqfIqytxLvWlyKJRlEi.jpg
2025-07-21,Shazam!,2019.0,https://boxd.it/8WBu,4.0,287947.0,"Action, Comedy, Fantasy",A boy is given the ability to become an adult superhero in times of need with a single magic word.,,,,/xnopI5Xtky18MPhK40cZAGAOVeV.jpg,/o7JVhqMmrex1TPbmuxl8YXVlcfl.jpg
2025-07-21,Bāhubali 2: The Conclusion,2017.0,https://boxd.it/bMfO,4.5,350312.0,"Action, Adventure, Fantasy","When Mahendra, the son of Bāhubali, learns about his heritage, he begins to look for answers. His story is juxtaposed with past events that unfolded in the Mahishmati Kingdom.",,,,/21sC2assImQIYCEDA84Qh9d1RsK.jpg,/whNjsTOUVg2lZLCKgGhnACnmV8E.jpg
2025-07-21,A Serbian Film,2010.0,https://boxd.it/2wBc,0.5,73861.0,"Crime, Horror, Thriller","Retired porn star Milos leads a normal family life trying to make ends meet. Presented with the opportunity of a lifetime to financially support his family for the rest of their lives, Milos must participate in one last mysterious film. From then on, Milos is drawn into a maelstrom of unbelievable cruelty and mayhem.",,,,/yIQqiw3Az5QYNHLCUoCTtxXH24G.jpg,/wa0UGYppc6uWOdVow4Ko2CG4jk9.jpg
2025-07-20,The Amateur,2025.0,https://boxd.it/F9NW,3.0,1087891.0,"Thriller, Action","After his life is turned upside down when his wife is killed in a London terrorist attack, a brilliant but introverted CIA decoder takes matters into his own hands when his supervisors refuse to take action.",,,,/SNEoUInCa5fAgwuEBMIMBGvkkh.jpg,/aD7FXrm2GErTmzrIFBntPyhAqS9.jpg
2025-07-19,Pathaan,2023.0,https://boxd.it/wGeC,2.5,864692.0,"Action, Adventure, Thriller","A soldier caught by enemies and presumed dead comes back to complete his mission, accompanied by old companions and foes.",,,,/arf00BkwvXo0CFKbaD9OpqdE4Nu.jpg,/9wRAIQeOv2qzcgpfvA4dYZKeezl.jpg
2025-07-19,Justice League: The Flashpoint Paradox,2013.0,https://boxd.it/5yWW,4.0,183011.0,"Animation, Science Fiction, Action",The Flash finds himself in a war-torn alternate timeline and teams up with alternate versions of his fellow heroes to restore the timeline.,,,,/hg6RYpSb3vU4i3yQDtE1YhSZNh5.jpg,/35RYg50KXsenD4TrpZzzBm2X4cK.jpg
2025-07-19,Watchmen,2009.0,https://boxd.it/1QE4,3.5,13183.0,"Mystery, Action, Science Fiction","In a gritty and alternate 1985, the glory days of costumed vigilantes have been brought to a close by a government crackdown. But after one of the masked veterans is brutally murdered, an investigation into the killer is initiated. The reunited heroes set out to prevent their own destruction, but in doing so they uncover a sinister plot that puts all of humanity in grave danger.",,,,/aVURelN3pM56lFM7Dgfs5TixcIf.jpg,/dH7ia3vtkYCa3CBvDnvVjqm9uiQ.jpg
2025-07-19,V for Vendetta,2005.0,https://boxd.it/29Ik,4.0,752.0,"Action, Thriller, Science Fiction","In a world in which Great Britain has become a fascist state, a masked vigilante known only as “V” conducts guerrilla warfare against the oppressive British government. When V rescues a young woman from the secret police, he finds in her an ally with whom he can continue his fight to free the people of Britain.",,,,/1avD1JeaRiJX5M4ahPdZPypGoGN.jpg,/sFEYsEfzTx7hhjetlNrme8B5OUo.jpg
2025-07-18,Superman,2025.0,https://boxd.it/E9IU,4.5,1061474.0,"Science Fiction, Adventure, Action","Superman, a journalist in Metropolis, embarks on a journey to reconcile his Kryptonian heritage with his human upbringing as Clark Kent.",,,,/ldyfo0BKmz5rWtJJKCvwaNS4cJT.jpg,/eGX66zonvc4bXg3rM08RUxdYSDx.jpg
2025-07-18,Heads of State,2025.0,https://boxd.it/s9tG,2.5,749170.0,"Action, Thriller, Comedy","The UK Prime Minister and US President have a public rivalry that risks their countries' alliance. But when they become targets of a powerful enemy, they're forced to rely on each other as they go on a wild, multinational run. Allied with Noel, a brilliant MI6 agent, they must find a way to thwart a conspiracy that threatens the free world.",,,,/lVgE5oLzf7ABmzyASEVcjYyHI41.jpg,/vJbEUMeI2AxBUZKjP6ZVeVNNTLh.jpg
2025-07-18,Jawan,2023.0,https://boxd.it/wVDs,4.0,872906.0,"Action, Thriller","An emotional journey of a prison warden, driven by a personal vendetta while keeping up to a promise made years ago, recruits inmates to commit outrageous crimes that shed light on corruption and injustice, in an attempt to get even with his past,  and that leads him to an unexpected reunion.",,,,/jFt1gS4BGHlK8xt76Y81Alp4dbt.jpg,/5LtSjMNw6j3LkG29Oa4O0iY5U8.jpg
2025-07-18,Tiger 3,2023.0,https://boxd.it/qZTW,2.0,720557.0,"Action, Adventure, Thriller","Following the events of Tiger Zinda Hai, War, and Pathaan, Avinash Singh Rathore returns as Tiger but this time the battle is within. He has to choose between his country or family as an old enemy is after his life, who claims that his family was killed by Tiger. He holds Tiger captive in Pakistan as the Indian agent's loyalty towards his country faces its biggest test.",,,,/7wgED7Yx9VLcNWSO91VgwicHmMD.jpg,/kqSxCsGIT4rqrZTTMpYP8RIzojv.jpg
2025-07-18,Thor: Love and Thunder,2022.0,https://boxd.it/mMAY,2.5,616037.0,"Fantasy, Action, Comedy","After his retirement is interrupted by Gorr the God Butcher, a galactic killer who seeks the extinction of the gods, Thor Odinson enlists the help of King Valkyrie, Korg, and ex-girlfriend Jane Foster, who now wields Mjolnir as the Mighty Thor. Together they embark upon a harrowing cosmic adventure to uncover the mystery of the God Butcher’s vengeance and stop him before it’s too late.",,,,/pIkRyD18kl4FhoCNQuWxWu5cBLM.jpg,/jsoz1HlxczSuTx0mDl2h0lxy36l.jpg
2025-07-18,The Matrix Resurrections,2021.0,https://boxd.it/n87k,2.5,624860.0,"Science Fiction, Action, Adventure","Plagued by strange memories, Neo's life takes an unexpected turn when he finds himself back inside the Matrix.",,,,/8c4a8kE7PizaGQQnditMmI1xbRp.jpg,/eNI7PtK6DEYgZmHWP9gQNuff8pv.jpg
2025-07-18,Happy New Year,2014.0,https://boxd.it/8sf4,2.5,277432.0,"Action, Comedy, Crime, Adventure",Six would-be thieves enter a prestigious dance competition as a cover for their larger goal of pulling off a major heist.,,,,/5kv0trpR00030JmZbLnLMBKIrtD.jpg,/EZZEeHzS0uzQq81pwJ2HAWgTXe.jpg
2025-07-18,Gravity,2013.0,https://boxd.it/GZY,4.0,49047.0,"Science Fiction, Thriller, Drama","Dr. Ryan Stone, a brilliant medical engineer, is on her first Shuttle mission, with veteran astronaut Matt Kowalski in command of his last flight before retiring. But on a seemingly routine spacewalk, disaster strikes. The Shuttle is destroyed, leaving Stone and Kowalski completely alone-tethered to nothing but each other and spiraling out into the blackness of space. The deafening silence tells them they have lost any link to Earth and any chance for rescue. As fear turns to panic, every gulp of air eats away at what little oxygen is left. But the only way home may be to go further out into the terrifying expanse of space.",,,,/kZ2nZw8D681aphje8NJi8EfbL1U.jpg,/a2n6bKD7qhCPCAEALgsAhWOAQcc.jpg
2025-07-18,Life of Pi,2012.0,https://boxd.it/37pC,3.5,87827.0,"Adventure, Drama","The story of an Indian boy named Pi, a zookeeper's son who finds himself in the company of a hyena, zebra, orangutan, and a Bengal tiger after a shipwreck sets them adrift in the Pacific Ocean.",,,,/iLgRu4hhSr6V1uManX6ukDriiSc.jpg,/21YsCNMub5455NQCn3jh9SmRFyG.jpg
2025-07-18,Wreck-It Ralph,2012.0,https://boxd.it/2TTS,3.5,82690.0,"Family, Animation, Comedy, Adventure","Wreck-It Ralph is the 9-foot-tall, 643-pound villain of an arcade video game named Fix-It Felix Jr., in which the game's titular hero fixes buildings that Ralph destroys. Wanting to prove he can be a good guy and not just a villain, Ralph escapes his game and lands in Hero's Duty, a first-person shooter where he helps the game's hero battle against alien invaders. He later enters Sugar Rush, a kart racing game set on tracks made of candies, cookies and other sweets. There, Ralph meets Vanellope von Schweetz who has learned that her game is faced with a dire threat that could affect the entire arcade, and one that Ralph may have inadvertently started.",,,,/nrEupcBwf4O1zihCM34NoXusZDq.jpg,/3IFRjBDwtk0DlIsDfJ2zEzLjUBi.jpg
2025-07-18,Jab Tak Hai Jaan,2012.0,https://boxd.it/4iiu,3.0,132316.0,"Drama, Romance","Samar Anand (Shah Rukh Khan), a London-based struggling musician falls in love with Meera Thappar (Katrina Kaif). After a severe accident, a panicked Meera promises God to leave Samar if he lives. Heartbroken, Samar leaves for India to become a fearless bomb disposal expert in the army.",,,,/1TlzJZrzUlaC95Noqt3oMoxQxCu.jpg,/sgf60uAPn95lBAcSX9eQE8bKxTb.jpg
2025-07-18,Don 2,2011.0,https://boxd.it/10am,3.0,41109.0,"Action, Thriller","Having conquered the Asian underworld, crime boss Don sets in motion a plan that will give him dominion over Europe.",,,,/2gBM8c36HIwn4vc2UuMeliqiCKY.jpg,/tbavvYay6BvqEyz0iBgsPUy3oE1.jpg
2025-07-18,Golimaar,2010.0,https://boxd.it/6T6,4.0,63469.0,"Action, Thriller, Crime","Gangaram (Gopichand), an orphan raised by M.S. Narayana always craves to be a Police Officer and he becomes one. His intensity, dedication and straight forwardness gains him respect from his seniors and soon he starts running a cell that specializes in killing the gang members of two gangs – Talwar Gang and Khaled Gang. How does this honest police officer try to get on top of these gangs forms the rest of the story.",,,,/fggeRCAz6iq5lJSZ1eR59z92gfR.jpg,/ygSh0HQgfUzTOMErBvjXCnKniGy.jpg
2025-07-18,My Name Is Khan,2010.0,https://boxd.it/1uD4,3.0,26022.0,"Drama, Romance","Rizwan Khan, a Muslim from the Borivali section of Mumbai, has Asperger's syndrome. He marries a Hindu single mother, Mandira, in San Francisco. After 9/11, Rizwan is detained by authorities at LAX who treat him as a terrorist because of his condition and his race.",,,,/5Y36lCiNyyV71mjq6LavgiggbhT.jpg,/zGCnIADWwpjGllYv8DgT8HIuIQl.jpg
2025-07-18,Bhoothnath,2008.0,https://boxd.it/1L6c,4.0,15974.0,"Family, Comedy","Moving into a new house, a family witnesses an unfriendly ghost who wants to drive them away from the house. However, he befriends a little boy who changes his outlook forever.",,,,/2Tvwmsu4ihzDiltXxPWI4RwTF3W.jpg,/mVNhm0lf9Wc5phX4gvxN0SP14Q0.jpg
2025-07-18,Rab Ne Bana Di Jodi,2008.0,https://boxd.it/1OOG,3.5,14072.0,"Comedy, Drama, Romance","A lonely 40-ish man, likely to remain a bachelor, has a chance to find the love of his life when he falls for a vivacious young woman.",,,,/m8x6I2qf3R98HtF4DmJXcdxCU64.jpg,/AcLsfw3TVZGFFT8yRA5StPKk65y.jpg
2025-07-18,Chak De! India,2007.0,https://boxd.it/1ODI,4.5,14163.0,Drama,"A team of rag-tag girls with their own agenda form Team India competing for international fame in field hockey. Their coach, the ex-men's Indian National team captain, returns from a life of shame after being unjustly accused of match fixing in his last match. Can he give the girls the motivation required to win, while dealing with the shadows of his own past?",,,,/mmFMgEsTRCAGAtwffGpuo3mJsxN.jpg,/dRl7PCVhBgosXuivxRg4fCz5G7D.jpg
2025-07-18,Om Shanti Om,2007.0,https://boxd.it/20zy,4.0,8079.0,"Comedy, Thriller, Drama","Reincarnated 30 years after being killed in a suspicious on-set fire, a small-time actor is determined to punish the person who ignited the blaze.",,,,/oArsQTD4bPPMtRjqr03SO9W6phF.jpg,/mBdT7nvhXmvZKK1mieS261IApcI.jpg
2025-07-18,The Golden Compass,2007.0,https://boxd.it/272Q,3.0,2268.0,"Adventure, Fantasy","In a parallel universe, after overhearing a shocking secret, precocious orphan Lyra Belacqua trades her carefree existence roaming the halls of Jordan College for an otherworldly adventure in the far North, unaware that it's part of her destiny.",,,,/6DTH9poR8RAw859L6OuokT7z993.jpg,/qifYc5jT4CZxmLH9DfOlipioSPp.jpg
2025-07-18,Don,2006.0,https://boxd.it/1IAI,4.0,92979.0,"Family, Drama","Don, a rich twelve-year-old, is kicked out of school. He is send to another school where he has difficulties fitting in.",,,,/lztXQPdfxFPSTprFumTAqiNOrJI.jpg,/9zojsC270i8wcg7xoY3o21WWc0Y.jpg
2025-07-18,Stuart Little 3: Call of the Wild,2005.0,https://boxd.it/1lO8,2.5,30178.0,"Animation, Comedy, Family","With school out for the summer,  The Littles are vacationing in a cabin by the lake, and Stuart is so excited he could burst! But when Snowbell the cat is captured by a mean-spirited creature known simply as the Beast, it's up to Stuart and a skunk named Reeko to rescue him and a few other friends.",,,,/zImw7IVg8dxPkqMfT0L33sdsIHC.jpg,/mwJ99qv48tE5Km7fLkeoOU1uVfK.jpg
2025-07-18,Main Hoon Na,2004.0,https://boxd.it/1OHA,5.0,14134.0,Drama,"An army major goes undercover as a college student. His mission is both professional and personal: to protect his general's daughter from a radical militant, and to find his estranged half-brother.",,,,/iiZ8BgmAsxKUEyO6ux8z6GHiE6j.jpg,/v9WuP3V5eeJudaqoDE870HEuYSk.jpg
2025-07-18,Swades,2004.0,https://boxd.it/1Ly6,3.5,15774.0,Drama,"A successful Indian scientist returns home to his village to take his nanny back to America with him, and in the process rediscovers his roots.",,,,/yUSL24kpHc9Nls4Pohia4shgcIM.jpg,/AmRfsOyEXpVhnaYXZMoDlZd9Siq.jpg
2025-07-18,Stuart Little 2,2002.0,https://boxd.it/1UTW,3.0,10996.0,"Family, Adventure, Comedy","Stuart, an adorable white mouse, still lives happily with his adoptive family, the Littles, on the east side of Manhattan's Central Park. More crazy mouse adventures are in store as Stuart, his human brother, George, and their mischievous cat, Snowbell, set out to rescue a friend.",,,,/hjfeMLWqJY44mqqJKZSa6jx4Y1j.jpg,/iEvlXeDvLW5IjmWa5jwO0Tieu1g.jpg
2025-07-18,Baadshah,1999.0,https://boxd.it/Yf0,5.0,41902.0,"Action, Comedy",A small time detective is mistaken as a CBI agent and gets embroiled in a deadly mission to save the Chief Minister from an assassination attempt.,,,,/7r1nKEVxIlVQFSsijr3fndD1TDn.jpg,/d5e8wSbYMbJ32mNStPe5pnISdsn.jpg
2025-07-18,Stuart Little,1999.0,https://boxd.it/1WZW,4.0,10137.0,"Family, Fantasy, Comedy, Adventure","When the Littles adopt Stuart, the mouse, George is initially unwelcoming to his new brother, and the family cat, Snowbell, is even less enthusiastic. Stuart resolves to face these difficulties with as much pluck and courage as he can muster.",,,,/362lcwTJlNyAhitTlp2UraECISR.jpg,/dECKGAenue36W50HYhd3Jh1OJs.jpg
2025-07-18,Yes Boss,1997.0,https://boxd.it/2MPO,3.0,79982.0,"Comedy, Drama, Romance","Rahul Joshi wants to be a successful businessman so he works hard for his boss Siddharth. One day Rahul meets Seema, an up and coming model, and he feels like he's finally met his match. Will Seema fall for Rahul?",,,,/ayp76lRwyp5izlZVnxcZscgHofH.jpg,/4AWQOipcjMRHmhKWXzmvISjnjsv.jpg
2025-07-18,Dilwale Dulhania Le Jayenge,1995.0,https://boxd.it/1F9k,4.0,19404.0,"Comedy, Drama, Romance","Raj is a rich, carefree, happy-go-lucky second generation NRI. Simran is the daughter of Chaudhary Baldev Singh, who in spite of being an NRI is very strict about adherence to Indian values. Simran has left for India to be married to her childhood fiancé. Raj leaves for India with a mission at his hands, to claim his lady love under the noses of her whole family. Thus begins a saga.",,,,/lfRkUr7DYdHldAqi3PwdQGBRBPM.jpg,/84beTJf26mfhoasUlKSOiNSutyS.jpg
2025-07-18,Baazigar,1993.0,https://boxd.it/1EK0,4.0,19657.0,"Crime, Thriller",A young man with a vendetta against a business tycoon seduces and kills his eldest daughter and then proceeds to his younger daughter but she begins to suspect her new lover's ulterior motive.,,,,/ndQQ2bTV0JLSRxUBchE4eD3qhDb.jpg,/lPUrfzWb7icGC6X1z0AKnYRtHGu.jpg
2025-07-18,Aladdin,1992.0,https://boxd.it/29yE,4.0,812.0,"Animation, Family, Adventure, Fantasy, Romance","In the boorish city of Agrabah, kind-hearted street urchin Aladdin and Princess Jasmine fall in love, although she can only marry a prince. He and power-hungry Grand Vizier Jafar vie for a magic lamp that can fulfill their wishes.",,,,/eLFfl7vS8dkeG1hKp5mwbm37V83.jpg,/nenJjvfe2Eq8uBMXFJnWj5mw4bi.jpg
2025-07-16,Prisoners,2013.0,https://boxd.it/4E5i,4.5,146233.0,"Drama, Thriller, Crime","Keller Dover is facing every parent’s worst nightmare. His six-year-old daughter, Anna, is missing, together with her young friend, Joy, and as minutes turn to hours, panic sets in. The only lead is a dilapidated RV that had earlier been parked on their street.",,,,/uhviyknTT5cEQXbn6vWIqfM4vGm.jpg,/3RFmTz5h2UuFWEV4oH00XICBR9y.jpg
2025-07-16,Happy Gilmore,1996.0,https://boxd.it/1Yey,2.5,9614.0,Comedy,"Failed hockey player-turned-golf whiz Happy Gilmore — whose unconventional approach and antics on the green courts the ire of rival Shooter McGavin — is determined to win a PGA tournament so he can save his granny's house with the prize money. Meanwhile, an attractive tour publicist tries to soften Happy's image.",,,,/4RnCeRzvI1xk5tuNWjpDKzSnJDk.jpg,/As7NuiDRM4EO7LlJn2u8JWWsABp.jpg
2025-07-15,Patrick,2018.0,https://boxd.it/haNg,3.0,478159.0,"Family, Comedy",A woman's chaotic life becomes more complicated when she inherits her grandmother's dog.,,,,/zzo0rfLxgcbUPfjT3yjBYioFpv9.jpg,/MA6HOqNCLfumqc3ywdz9Z1K81K.jpg
2025-07-14,F1,2025.0,https://boxd.it/yjVM,4.0,911430.0,"Action, Drama",Racing legend Sonny Hayes is coaxed out of retirement to lead a struggling Formula 1 team—and mentor a young hotshot driver—while chasing one more chance at glory.,,,,/9PXZIUsSDh4alB80jheWX4fhZmy.jpg,/lkDYN0whyE82mcM20rwtwjbniKF.jpg
2025-07-14,John Wick: Chapter 4,2023.0,https://boxd.it/mh48,5.0,603692.0,"Action, Thriller, Crime","With the price on his head ever increasing, John Wick uncovers a path to defeating The High Table. But before he can earn his freedom, Wick must face off against a new enemy with powerful alliances across the globe and forces that turn old friends into foes.",,,,/vZloFAK7NmvMGKE7VkF5UHaz0I.jpg,/7I6VUdPj6tQECNHdviJkUHD2u89.jpg
2025-07-14,Blow,2001.0,https://boxd.it/24Mm,4.0,4133.0,"Crime, Drama","A boy named George Jung grows up in a struggling family in the 1950's. His mother nags at her husband as he is trying to make a living for the family. It is finally revealed that George's father cannot make a living and the family goes bankrupt. George does not want the same thing to happen to him, and his friend Tuna, in the 1960's, suggests that he deal marijuana. He is a big hit in California in the 1960's, yet he goes to jail, where he finds out about the wonders of cocaine. As a result, when released, he gets rich by bringing cocaine to America. However, he soon pays the price.",,,,/yYZFVfk8aeMP4GxBSU9MTvqs9mJ.jpg,/b5GNqEW951qS1sJKmWUQD1uI7UU.jpg
2025-07-13,John Wick: Chapter 3 – Parabellum,2019.0,https://boxd.it/gmFw,5.0,458156.0,"Action, Thriller, Crime","Super-assassin John Wick returns with a $14 million price tag on his head and an army of bounty-hunting killers on his trail. After killing a member of the shadowy international assassin’s guild, the High Table, John Wick is excommunicado, but the world’s most ruthless hit men and women await his every turn.",,,,/ziEuG1essDuWuC5lpWUaw1uXY2O.jpg,/vVpEOvdxVBP2aV166j5Xlvb5Cdc.jpg
2025-07-12,Jurassic World Rebirth,2025.0,https://boxd.it/KUeE,3.0,1234821.0,"Science Fiction, Adventure, Action","Five years after the events of Jurassic World Dominion, covert operations expert Zora Bennett is contracted to lead a skilled team on a top-secret mission to secure genetic material from the world's three most massive dinosaurs. When Zora's operation intersects with a civilian family whose boating expedition was capsized, they all find themselves stranded on an island where they come face-to-face with a sinister, shocking discovery that's been hidden from the world for decades.",,,,/1RICxzeoNCAO5NpcRMIgg1XT6fm.jpg,/zNriRTr0kWwyaXPzdg1EIxf0BWk.jpg
2025-07-12,The Guardians of the Galaxy Holiday Special,2022.0,https://boxd.it/t77K,3.0,774752.0,"Comedy, Science Fiction, Adventure","On a mission to make Christmas unforgettable for Quill, the Guardians head to Earth in search of the perfect present.",,,,/8dqXyslZ2hv49Oiob9UjlGSHSTR.jpg,/rfnmMYuZ6EKOBvQLp2wqP21v7sI.jpg
2025-07-12,John Wick: Chapter 2,2017.0,https://boxd.it/ayGu,4.0,324552.0,"Action, Thriller, Crime","John Wick is forced out of retirement by a former associate looking to seize control of a shadowy international assassins’ guild. Bound by a blood oath to aid him, Wick travels to Rome and does battle against some of the world’s most dangerous killers.",,,,/hXWBc0ioZP3cN4zCu6SN3YHXZVO.jpg,/r17jFHAemzcWPPtoO0UxjIX0xas.jpg
2025-07-11,How the Grinch Stole Christmas,2000.0,https://boxd.it/1ZHQ,3.0,8871.0,"Family, Comedy, Fantasy",The Grinch decides to rob Whoville of Christmas - but a dash of kindness from little Cindy Lou Who and her family may be enough to melt his heart...,,,,/1WZbbPApEivA421gCOluuzMMKCk.jpg,/sy0vo1cmpKqwPRiMUiJ45jyLsX7.jpg
2025-07-08,Ballerina,2025.0,https://boxd.it/jKqG,3.5,541671.0,"Action, Thriller, Crime","Taking place during the events of John Wick: Chapter 3 – Parabellum, Eve Macarro begins her training in the assassin traditions of the Ruska Roma.",,,,/2VUmvqsHb6cEtdfscEA6fqqVzLg.jpg,/sItIskd5xpiE64bBWYwZintkGf3.jpg
2025-07-02,Knight and Day,2010.0,https://boxd.it/17po,3.0,37834.0,"Action, Comedy","A fugitive couple goes on a glamorous and sometimes deadly adventure where nothing and no one – even themselves – are what they seem. Amid shifting alliances and unexpected betrayals, they race across the globe, with their survival ultimately hinging on the battle of truth vs. trust.",,,,/phhp52CZZJiGYmiOTp9ZBDkGHB3.jpg,/k5mNW8qutywD3GhAuaq33qcQR2y.jpg
2025-06-30,TRON: Legacy,2010.0,https://boxd.it/1Dlo,3.5,20526.0,"Adventure, Action, Science Fiction","Sam Flynn, the tech-savvy and daring son of Kevin Flynn, investigates his father's disappearance and is pulled into The Grid. With the help of a mysterious program named Quorra, Sam quests to stop evil dictator Clu from crossing into the real world.",,,,/8Nc6R8k7bG8frSiDJo0oLucF7dN.jpg,/uUa6jgSr5BQpcBhhaz1PV1JhSa4.jpg
2025-06-30,Tron,1982.0,https://boxd.it/2b9w,1.5,97.0,"Science Fiction, Action, Adventure","When brilliant video game maker Flynn hacks the mainframe of his ex-employer, he is beamed inside an astonishing digital world and becomes part of the very game he is designing. In his mission through cyberspace, Flynn matches wits with a maniacal Master Control Program and teams up with Tron, a security measure created to bring balance to the digital environment.",,,,/jigY9B6TKz4qlfikZcd18qtzTK4.jpg,/vUmeBHiGp5r2ydd8aEvbNLamTVD.jpg
2025-06-25,The Dark Knight Rises,2012.0,https://boxd.it/H3m,4.5,49026.0,"Action, Crime, Drama, Thriller","Following the death of District Attorney Harvey Dent, Batman assumes responsibility for Dent's crimes to protect the late attorney's reputation and is subsequently hunted by the Gotham City Police Department. Eight years later, Batman encounters the mysterious Selina Kyle and the villainous Bane, a new terrorist leader who overwhelms Gotham's finest. The Dark Knight resurfaces to protect a city that has branded him an enemy.",,,,/hr0L2aueqlP2BYUblTTjmtn0hw4.jpg,/y2DB71C4nyIdMrANijz8mzvQtk6.jpg
2025-06-25,The Dark Knight,2008.0,https://boxd.it/2b0k,5.0,155.0,"Action, Crime, Thriller","Batman raises the stakes in his war on crime. With the help of Lt. Jim Gordon and District Attorney Harvey Dent, Batman sets out to dismantle the remaining criminal organizations that plague the streets. The partnership proves to be effective, but they soon find themselves prey to a reign of chaos unleashed by a rising criminal mastermind known to the terrified citizens of Gotham as the Joker.",,,,/qJ2tW6WMUDux911r6m7haRef0WH.jpg,/9FE5eD92WfVCiivM9Pq9GVSrlWk.jpg
2025-06-25,Thirteen,2003.0,https://boxd.it/1UPK,3.0,11023.0,Drama,"When 13-year-old Tracy befriends Evie, the most popular girl in school, her life is turned upside down as Evie introduces her to a world of sex, drugs, and money. But it isn’t long before Tracy’s new lifestyle begins to take a heavy toll on her and her family.",,,,/uzTLlZrNF6rMPBh5mUQu6vLnTtX.jpg,/ow2boWFZWza7D4qDvJohg9GJVoH.jpg
2025-06-24,Old,2021.0,https://boxd.it/npKI,3.0,631843.0,"Thriller, Mystery, Horror",A group of families on a tropical holiday discover that the secluded beach where they are staying is somehow causing them to age rapidly – reducing their entire lives into a single day.,,,,/vclShucpUmPhdAOmKgf3B3Z4POD.jpg,/32yqxyLlWcO81UCx51Jfq9aeJdA.jpg
2025-06-24,Split,2016.0,https://boxd.it/dgSy,4.5,381288.0,"Horror, Thriller","Though Kevin has evidenced 23 personalities to his trusted psychiatrist, Dr. Fletcher, there remains one still submerged who is set to materialize and dominate all the others. Compelled to abduct three teenage girls led by the willful, observant Casey, Kevin reaches a war for survival among all of those contained within him — as well as everyone around him — as the walls between his compartments shatter apart.",,,,/lli31lYTFpvxVBeFHWoe5PMfW5s.jpg,/9pkZesKMnblFfKxEhQx45YQ2kIe.jpg
2025-06-24,Monster House,2006.0,https://boxd.it/1Z2e,4.0,9297.0,"Animation, Comedy, Family, Fantasy","Monsters under the bed are scary enough, but what happens when an entire house is out to get you? Three teens aim to find out when they go up against a decrepit neighboring home and unlock its frightening secrets.",,,,/zCRPr4bkO3ae0U1134vJ39xZnAG.jpg,/aDnCTWpWMHcQxOeGWsITmoLuEGy.jpg
2025-06-24,Batman Begins,2005.0,https://boxd.it/2aIg,4.0,272.0,"Drama, Crime, Action","Driven by tragedy, billionaire Bruce Wayne dedicates his life to uncovering and defeating the corruption that plagues his home, Gotham City.  Unable to work within the system, he instead creates a new identity, a symbol of fear for the criminal underworld - The Batman.",,,,/sPX89Td70IDDjVr85jdSBb4rWGr.jpg,/9IIBboV7MCT0bTxzXHmWK1Hq558.jpg
2025-06-23,Animal,2023.0,https://boxd.it/toAu,3.0,781732.0,"Action, Crime, Drama",The hardened son of a powerful industrialist returns home after years abroad and vows to take bloody revenge on those threatening his father's life.,,,,/hr9rjR3J0xBBKmlJ4n3gHId9ccx.jpg,/lprsAHkwMxk2iC6VZxNmV0H7g1t.jpg
2025-06-23,Kingsman: The Secret Service,2014.0,https://boxd.it/6dxe,5.0,207703.0,"Crime, Comedy, Action, Adventure",The story of a super-secret spy organization that recruits an unrefined but promising street kid into the agency's ultra-competitive training program just as a global threat emerges from a twisted tech genius.,,,,/17i5YPTfHOjXoieArpATWGRhLj1.jpg,/qzUIOTk0E3F1zjvYjcBRTKUTgf9.jpg
2025-06-22,Train to Busan,2016.0,https://boxd.it/dSQU,3.5,396535.0,"Horror, Thriller, Action, Adventure","When a zombie virus pushes Korea into a state of emergency, those trapped on an express train to Busan must fight for their own survival.",,,,/vNVFt6dtcqnI7hqa6LFBUibuFiw.jpg,/brnfCYyz8EMbBrHgmh8sCwBi5i1.jpg
2025-06-22,Heyy Babyy,2007.0,https://boxd.it/24Kg,3.0,4157.0,"Comedy, Drama, Romance",Three womanisers find a baby left at their doorstep. Chaos ensues as they try to contact their former girlfriends to determine who is the father amongst them.,,,,/9XxhqihX1kcZXcvJ48aQlPYHPQo.jpg,/oKqSmEMtD1eiaQKNDPitE9EVPpL.jpg
2025-06-22,Batman & Robin,1997.0,https://boxd.it/2ar0,1.5,415.0,"Action, Science Fiction, Adventure","Batman and his sidekick Robin attempt to the foil the sinister schemes of a deranged set of new villains, most notably the melancholy Mr. Freeze, who wants to make Gotham City into an arctic region, and the sultry Poison Ivy, a botanical femme fatale. As the Dynamic Duo contend with these bad guys, a third hero, Batgirl, joins the ranks of the city's crime-fighters.",,,,/i7hEUpDuMN2LOrCEifFyGSHZQSY.jpg,/kEuQWHte2erRpAICrYqkAZaZAAY.jpg
2025-06-21,The Fresh Prince of Bel-Air Reunion,2020.0,https://boxd.it/rHZE,5.0,738362.0,Documentary,"Join Will Smith, Tatyana Ali, Karyn Parsons, Joseph Marcell, Daphne Maxwell Reid, Alfonso Ribeiro and DJ Jazzy Jeff, for a funny and heartfelt night full of music and dancing in honor of the show that ran for six seasons and 148 episodes.",,,,/tcKsgTnrjuZLWAJwn8uBZHy5YWy.jpg,/hzbrQ8gR26R6BWbrp3HaPCRs08T.jpg
2025-06-21,The Theory of Everything,2014.0,https://boxd.it/7YtA,5.0,266856.0,"Drama, Romance","The Theory of Everything is the extraordinary story of one of the world’s greatest living minds, the renowned astrophysicist Stephen Hawking, who falls deeply in love with fellow Cambridge student Jane Wilde.",,,,/7kwcLFNt887saoQAL7EY0XnW7VI.jpg,/dh2QT3TPtAQf057yeLpNMuaJlmp.jpg
2025-06-21,Batman Forever,1995.0,https://boxd.it/2ara,3.5,414.0,"Action, Crime, Fantasy","Batman faces off against two foes: the schizophrenic, horribly scarred former District Attorney Harvey Dent, aka Two-Face, and the Riddler, a disgruntled ex-Wayne Enterprises inventor seeking revenge against his former employer by unleashing his brain-sucking weapon on Gotham City's residents. As the caped crusader also copes with tortured memories of his parents' murder, he has a new romance, with psychologist Chase Meridian.",,,,/i0fJS8M5UKoETjjJ0zwUiKaR8tr.jpg,/snlu32RmjldF9b068UURJg8sQtn.jpg
2025-06-20,Hustlers,2019.0,https://boxd.it/jIBM,2.5,540901.0,"Drama, Comedy, Crime",A crew of savvy former strip club employees band together to turn the tables on their Wall Street clients.,,,,/zBhv8rsLOfpFW2M5b6wW78Uoojs.jpg,/jTab4cf4X1dJJVS4F8UOGuesvPd.jpg
2025-06-20,Bāhubali: The Beginning,2015.0,https://boxd.it/7y2y,4.0,256040.0,"Action, Drama","The young Shivudu is left as a foundling in a small village by his mother. By the time he’s grown up, it has become apparent that he possesses exceptional gifts. He meets the beautiful warrior princess Avanthika and learns that her queen has been held captive for the last 25 years. Shividu sets off to rescue her, discovering his own origins in the process.",,,,/9BAjt8nSSms62uOVYn1t3C3dVto.jpg,/e9ZEuHGHZ06AToHlfN1L7nejJ7W.jpg
2025-06-20,Bajirao Mastani,2015.0,https://boxd.it/ck2O,3.0,362045.0,"History, Romance, Drama","Peshwa Bajirao married to Kashibai, falls in love with Mastani, a warrior princess in distress. They struggle to make their love triumph amid opposition from his conservative family.",,,,/eXKHjELZAbF7cVd9fzYMhvSsXDI.jpg,/wqe6GXolmOtRTYxImtZQkKH35EA.jpg
2025-06-20,Dilwale,2015.0,https://boxd.it/cR60,2.5,370665.0,"Crime, Action, Comedy",Raj is a Mafia member. One day he meet a girl (Meera) while chasing by his rival gang and falls in love with her. Later he finds out that this girl is the daughter of the leader of his rival gang. Yet their love story continues until he was shot by his girlfriend upon a deep misunderstanding. After that incident these two lovers lives separate until their siblings fallen in love. With this new love story their paths intertwines again.,,,,/pYgPu6hhOr61knwbestTx4vSdMb.jpg,/6wnvu7YAHncMhwKs9YDrhKd98zO.jpg
2025-06-20,Staten Island Summer,2015.0,https://boxd.it/bvgA,2.0,343934.0,Comedy,Pals Danny and Frank spend the summer after high school working as lifeguards while figuring out their future.,,,,/mAG2oqObFOR58bUI8A2DQCkRlcf.jpg,/zGRlP8SEyYDLjnvtXKTBGzuOVBW.jpg
2025-06-20,Chennai Express,2013.0,https://boxd.it/69tM,4.0,205022.0,"Romance, Comedy, Action","Rahul embarks on a journey to a small town in Tamil Nadu to fulfill the last wish of his grandfather: to have his ashes immersed in the Holy water of Rameshwaram. En route, he meets a woman hailing from a unique family down South. As they find love through this journey in the exuberant lands of South India, an unanticipated drive awaits them.",,,,/9j7XfhBJKNfidMCa8JsNbqU1waV.jpg,/8u7dfVGGBcGrk1nCu55X5RqImwv.jpg
2025-06-20,Charlie and the Chocolate Factory,2005.0,https://boxd.it/2b68,3.5,118.0,"Adventure, Comedy, Family, Fantasy","A young boy wins a tour through the most magnificent chocolate factory in the world, led by the world's most unusual candy maker.",,,,/iKP6wg3c6COUe8gYutoGG7qcPnO.jpg,/atoIgfAk2Ig2HFJLD0VUnjiPWEz.jpg
2025-06-18,How to Train Your Dragon,2025.0,https://boxd.it/F7Je,4.5,1087192.0,"Fantasy, Family, Action, Adventure","On the rugged isle of Berk, where Vikings and dragons have been bitter enemies for generations, Hiccup stands apart, defying centuries of tradition when he befriends Toothless, a feared Night Fury dragon. Their unlikely bond reveals the true nature of dragons, challenging the very foundations of Viking society.",,,,/53dsJ3oEnBhTBVMigWJ9tkA5bzJ.jpg,/8J6UlIFcU7eZfq9iCLbgc8Auklg.jpg
2025-06-18,R.I.P.D.,2013.0,https://boxd.it/FQQ,2.5,49524.0,"Fantasy, Action, Comedy",A recently slain cop joins a team of undead police officers working for the Rest in Peace Department and tries to find the man who murdered him.,,,,/rS0kByPD4YF8pQ85KjzMdGiu7Xf.jpg,/6KJcFFE1iBPC0Xj0iPCcmMvS5WK.jpg
2025-06-18,Batman Returns,1992.0,https://boxd.it/2awa,3.0,364.0,"Action, Fantasy","The monstrous Penguin, who dwells in the sewers beneath Gotham, joins up with corrupt mayoral candidate Max Shreck to topple the Batman once and for all. But when Shreck's timid assistant Selina Kyle finds out, and Shreck tries to kill her, she's transformed into the sexy Catwoman. She teams up with the Penguin and Shreck to destroy Batman, but sparks fly unexpectedly when she confronts the caped crusader.",,,,/jKBjeXM7iBBV9UkUcOXx3m7FSHY.jpg,/7x4SNxO5HWArighxxFeet5sn3il.jpg
2025-06-16,Zoolander 2,2016.0,https://boxd.it/aNBE,2.0,329833.0,"Comedy, Adventure, Action",Derek and Hansel are modelling again when an opposing company attempts to take them out from the business.,,,,/n8AJzALlTPBwe9Tkv3tdxbiAr9i.jpg,/4ANhwN1jr5EGwHS0M13AH5Fs3NH.jpg
2025-06-16,Bee Movie,2007.0,https://boxd.it/22Vw,3.5,5559.0,"Family, Animation, Adventure, Comedy","Barry B. Benson, a recent college graduate who wants more out of his life than making honey, decides to sue the human race after learning about the exploitation of bees at the hands of mankind. What will happen next?",,,,/aWe27GmvfVYAd7p0KEtJZWwLWk5.jpg,/lVfqLDmfrxIXFU2TcWTsG3ePdER.jpg
2025-06-16,Over the Hedge,2006.0,https://boxd.it/20QY,3.5,7518.0,"Family, Comedy, Animation, Adventure","A scheming raccoon fools a mismatched family of forest creatures into helping him repay a debt of food, by invading the new suburban sprawl that popped up while they were hibernating – and learns a lesson about family himself.",,,,/jtZnymorbnHY7mOiBXR14ZDJseM.jpg,/reK7SgAFlyxg3s9R7neh6M970kh.jpg
2025-06-16,Zoolander,2001.0,https://boxd.it/1YMA,3.0,9398.0,Comedy,"Clear the runway for Derek Zoolander, VH1's three-time male model of the year. His face falls when hippie-chic Hansel scooters in to steal this year's award. The evil fashion guru Mugatu seizes the opportunity to turn Derek into a killing machine. It's a well-designed conspiracy and only with the help of Hansel and a few well-chosen accessories like Matilda can Derek make the world safe for male models everywhere.",,,,/qdrbSneHZjJG2Dj0hhBxzzAo4HB.jpg,/lIyyiBOuyokL82rPEDcZaMKleA3.jpg
2025-06-13,Death Note,2017.0,https://boxd.it/bOS4,1.0,351460.0,"Crime, Fantasy, Horror","Light Turner finds a supernatural notebook and uses it to mete out death, attracting the attention of a detective, a demon and a girl in his class.",,,,/8xRQ0KG9ZZzjEiFa5fgEaTKhc0d.jpg,/nDAbr3NSkkOMIkFrQ3ycVxzgaMc.jpg
2025-06-13,Whiplash,2014.0,https://boxd.it/7bQA,4.0,244786.0,"Drama, Music","Under the direction of a ruthless instructor, a talented young drummer begins to pursue perfection at any cost, even his humanity.",,,,/7fn624j5lj3xTme2SgiLCeuedmO.jpg,/wbQa0EnWUyRzQ5d1pHLNRlmsCUP.jpg
2025-06-13,Coherence,2013.0,https://boxd.it/6xza,4.0,220289.0,"Thriller, Science Fiction",Four couples gather for dinner the night a mysterious and powerful comet passes overhead.,,,,/ezUtb9m5DeLwL2gxi4gktzNCvQv.jpg,/cvGE73s935bXEAVt2W0zADPPegG.jpg
2025-06-13,The Ron Clark Story,2006.0,https://boxd.it/1vDO,3.5,25527.0,"TV Movie, Drama","Passionate and innovative teacher Ron Clark leaves his small hometown to teach in one of Harlem's toughest schools. But to break through to the students, he must use unconventional methods, including his ground-breaking classroom rules, to help them reach their potential. Based on a true story.",,,,/gSu3GKl3fYt8yFPr8ZYAZWoQNok.jpg,/qQ8gvPDWP073sljX9HIbu0ReTsS.jpg
2025-06-13,Batman,1989.0,https://boxd.it/2aIU,3.5,268.0,"Fantasy, Action, Crime","Having witnessed his parents' brutal murder as a child, millionaire philanthropist Bruce Wayne fights crime in Gotham City disguised as Batman, a costumed hero who strikes fear into the hearts of villains. But when a deformed madman known as 'The Joker' seizes control of Gotham's criminal underworld, Batman must face his most ruthless nemesis ever while protecting both his identity and his love interest, reporter Vicki Vale.",,,,/cij4dd21v2Rk2YtUQbV5kW69WB2.jpg,/rBN6GPKUDZ6ZKAQiEZegZ0DZb6V.jpg
2025-06-11,Turbo,2013.0,https://boxd.it/2Hzw,3.0,77950.0,"Animation, Family",The tale of an ordinary garden snail who dreams of winning the Indy 500.,,,,/inTKQni4YW8syrfgnXHwzmNeSo4.jpg,/3qfiZd8ETMk9MQsmhbOB5QAAx0l.jpg
2025-06-11,Ace Ventura: When Nature Calls,1995.0,https://boxd.it/1Z66,3.0,9273.0,"Crime, Comedy, Adventure","Summoned from an ashram in Tibet, Ace finds himself on a perilous journey into the jungles of Africa to find Shikaka, the missing sacred animal of the friendly Wachati tribe. He must accomplish this before the wedding of the Wachati's Princess to the prince of the warrior Wachootoos. If Ace fails, the result will be a vicious tribal war.",,,,/wcinCf1ov2D6M3P7BBZkzQFOiIb.jpg,/h5Y9T4OoFpMrONhVBZvN2X2DfAB.jpg
2025-06-11,Ace Ventura: Pet Detective,1994.0,https://boxd.it/25RW,3.5,3049.0,"Comedy, Mystery, Crime","He's Ace Ventura: Pet Detective. The Ace is on the case to find the Miami Dolphins' missing mascot and quarterback Dan Marino. He goes eyeball to eyeball with a man-eating shark, stakes out the Miami Dolphins and woos and wows the ladies. Whether he's undercover, under fire or underwater, he always gets his man… or beast!",,,,/pqiRuETmuSybfnVZ7qyeoXhQyN1.jpg,/nbvREKIjX16mwNZtFqAoQTTHPnQ.jpg
2025-06-10,The Grand Budapest Hotel,2014.0,https://boxd.it/3ZqO,4.0,120467.0,"Comedy, Drama","The Grand Budapest Hotel tells of a legendary concierge at a famous European hotel between the wars and his friendship with a young employee who becomes his trusted protégé. The story involves the theft and recovery of a priceless Renaissance painting, the battle for an enormous family fortune and the slow and then sudden upheavals that transformed Europe during the first half of the 20th century.",,,,/eWdyYQreja6JGCzqHWXpWHDrrPo.jpg,/9udCLTxTFl28RxnK8Q05E154ZGa.jpg
2025-06-09,Batman,1966.0,https://boxd.it/26uO,2.5,2661.0,"Action, Comedy, Crime",The Dynamic Duo faces four super-villains who plan to hold the world for ransom with the help of a secret invention that instantly dehydrates people.,,,,/iBaHizz1sfMs4N03aHsGe7I2G6S.jpg,/nOWOU0bdX76iF9XA1YPlInLbI4Y.jpg
2025-06-08,What Women Want,2000.0,https://boxd.it/24Sa,3.5,3981.0,"Comedy, Romance","Advertising executive Nick Marshall is as cocky as they come, but what happens to a chauvinistic guy when he can suddenly hear what women are thinking? Nick gets passed over for a promotion, but after an accident enables him to hear women's thoughts, he puts his newfound talent to work against Darcy, his new boss, who seems to be infatuated with him.",,,,/eqkBEMDk1316Yx5wVoabWY07JAi.jpg,/xXHtSqFx8mLjzNGX9oCKQEx2yTa.jpg
2025-06-02,Straight Outta Compton,2015.0,https://boxd.it/8rMc,4.5,277216.0,"Drama, Music, History","In 1987, five young men, using brutally honest rhymes and hardcore beats, put their frustration and anger about life in the most dangerous place in America into the most powerful weapon they had: their music.  Taking us back to where it all began, Straight Outta Compton tells the true story of how these cultural rebels—armed only with their lyrics, swagger, bravado and raw talent—stood up to the authorities that meant to keep them down and formed the world’s most dangerous group, N.W.A.  And as they spoke the truth that no one had before and exposed life in the hood, their voice ignited a social revolution that is still reverberating today.",,,,/1CiLJx8Xtv3TbbFj6k7BboSmKgC.jpg,/8r9RoGfwGmn1pn0G3sbvHHemSWF.jpg
2025-05-31,Sinners,2025.0,https://boxd.it/KQMM,4.0,1233413.0,"Horror, Action, Thriller","Trying to leave their troubled lives behind, twin brothers return to their hometown to start again, only to discover that an even greater evil is waiting to welcome them back.",,,,/fWPgbnt2LSqkQ6cdQc0SZN9CpLm.jpg,/nAxGnGHOsfzufThz20zgmRwKur3.jpg
2025-05-31,Captain America: Brave New World,2025.0,https://boxd.it/uYDm,3.5,822119.0,"Action, Thriller, Science Fiction","After meeting with newly elected U.S. President Thaddeus Ross, Sam finds himself in the middle of an international incident. He must discover the reason behind a nefarious global plot before the true mastermind has the entire world seeing red.",,,,/pzIddUEMWhWzfvLI3TwxUG2wGoi.jpg,/ce3prrjh9ZehEl5JinNqr4jIeaB.jpg
2025-05-30,Metropolis,1927.0,https://boxd.it/71a,4.0,19.0,"Drama, Science Fiction","In a futuristic city sharply divided between the rich and the poor, the son of the city's mastermind meets a prophet who predicts the coming of a savior to mediate their differences.",,,,/kr9wXRN23zLuWJIelahas1mtnYj.jpg,/eeMoFKxjjiCi6iep2GEZtSAMYIr.jpg
2025-05-28,Novocaine,2025.0,https://boxd.it/JmdA,3.5,1195506.0,"Action, Comedy, Thriller","When the girl of his dreams is kidnapped, everyman Nate turns his inability to feel pain into an unexpected strength in his fight to get her back.",,,,/xmMHGz9dVRaMY6rRAlEX4W0Wdhm.jpg,/lyBH2mFFU6qrHwD5QKotL2JnEb6.jpg
2025-05-28,Antichrist,2009.0,https://boxd.it/1Inu,3.0,17609.0,"Drama, Horror, Thriller","A grieving couple retreats to their cabin 'Eden' in the woods, hoping to repair their broken hearts and troubled marriage. But nature takes its course and things go from bad to worse.",,,,/ge7zbYvpfsDP3luKi0iSpzOgncM.jpg,/utABPVjXBlM8NUOBecCyLLuzQSe.jpg
2025-05-27,The Menu,2022.0,https://boxd.it/lScm,4.0,593643.0,"Comedy, Horror, Thriller","A young couple travels to a remote island to eat at an exclusive restaurant where the chef has prepared a lavish menu, with some shocking surprises.",,,,/fPtUgMcLIboqlTlPrq0bQpKK8eq.jpg,/4vSBj7BYsyuKCx96EJzGyp20WfY.jpg
2025-05-27,Nobody,2021.0,https://boxd.it/mLqS,4.0,615457.0,"Action, Thriller","Hutch Mansell, a suburban dad, overlooked husband, nothing neighbor — a ""nobody."" When two thieves break into his home one night, Hutch's unknown long-simmering rage is ignited and propels him on a brutal path that will uncover dark secrets he fought to leave behind.",,,,/oBgWY00bEFeZ9N25wWVyuQddbAo.jpg,/61MrK5U4w4MVL1vfwoG12zYPJ8B.jpg
2025-05-22,Assassin's Creed,2016.0,https://boxd.it/41IK,1.0,121856.0,"Action, Adventure, Science Fiction","Through a technology that unlocks the genetic memories of his ancestor in 15th century Spain, Callum Lynch discovers he is a descendant of an ancient line of Assassins and amasses lethal skills to take on the oppressive Templar Order.",,,,/kDXewoEcvbn0pUvJ8W3vfkuWgHw.jpg,/e29oMyfzzlWbhRlCBrzmZhlsw2m.jpg
2025-05-22,Assassin's Creed: Embers,2011.0,https://boxd.it/2Kt2,5.0,79089.0,Animation,"Taking place after the events of Assassin's Creed: Revelations in the year 1524 in Tuscany, follow the retired Assassin Ezio Auditore as he teams up with Shao Jun during his final battles.",,,,/6aeKG4ko7hAd80sakNw49ktrcPE.jpg,/6MzVNjaWMYqVpH0a1tE3YTC7W3I.jpg
2025-05-22,Assassin's Creed: Lineage,2009.0,https://boxd.it/1sT0,3.0,1008421.0,"History, Science Fiction, Action","When the Duke of Milan is brutally murdered, the Assassin Giovanni Auditore is dispatched to investigate. What he uncovers implicates Italy's most powerful families reaching all the way back to the Vatican itself. As Giovanni draws closer to the truth, he becomes hunted himself. He must expose the conspirators before he joins their ever-growing list of victims.",,,,/pZFyU0aGyi3uinGEhfXbX9vbik4.jpg,/gytnfwSKEyHetl2dJAVZdiMSpe7.jpg
2025-05-21,Mission: Impossible – The Final Reckoning,2025.0,https://boxd.it/l7A2,4.0,575265.0,"Action, Thriller, Adventure","Ethan Hunt and team continue their search for the terrifying AI known as the Entity — which has infiltrated intelligence networks all over the globe — with the world's governments and a mysterious ghost from Hunt's past on their trail. Joined by new allies and armed with the means to shut the Entity down for good, Hunt is in a race against time to prevent the world as we know it from changing forever.",,,,/iKPsC9EFUafRP9SrUznI61getVP.jpg,/538U9snNc2fpnOmYXAPUh3zn31H.jpg
2025-05-21,Tumbbad,2018.0,https://boxd.it/jDZk,3.5,538858.0,"Fantasy, Horror","India, 1918. On the outskirts of Tumbbad, a cursed village where it always rains, Vinayak, along with his mother and his brother, care of a mysterious old woman who keeps the secret of an ancestral treasure that Vinayak gets obsessed with.",,,,/vzjZAKozbDplHWcQXbXo0APKxst.jpg,/l0YKBu3LaehIFzBNjseLjx7MbaN.jpg
2025-05-20,Andor: A Disney+ Day Special Look,2022.0,https://boxd.it/CDne,5.0,1022100.0,"Documentary, Science Fiction",Celebrate Disney+ Day with a special look at the Star Wars original series Andor.,,,,/uKLmaARUA4J0NNc7xrSTWk5oGfV.jpg,/rFcgyURjW2vVNLQ6fEkiI0Nflpt.jpg
2025-05-19,A Minecraft Movie,2025.0,https://boxd.it/zRro,2.0,950387.0,"Family, Fantasy, Comedy, Adventure","Four misfits find themselves struggling with ordinary problems when they are suddenly pulled through a mysterious portal into the Overworld: a bizarre, cubic wonderland that thrives on imagination. To get back home, they'll have to master this world while embarking on a magical quest with an unexpected, expert crafter, Steve.",,,,/yFHHfHcUgGAxziP1C3lLt0q2T4s.jpg,/2Nti3gYAX513wvhp8IiLL6ZDyOm.jpg
2025-05-18,Robin Hood,2018.0,https://boxd.it/d3bc,3.0,375588.0,"Adventure, Action, Thriller, Fantasy",A war-hardened Crusader and his Moorish commander mount an audacious revolt against the corrupt English crown.,,,,/AiRfixFcfTkNbn2A73qVJPlpkUo.jpg,/9KKT8qPAII0VJMpviThOTMLN0Wt.jpg
2025-05-18,Eddie the Eagle,2015.0,https://boxd.it/amAY,3.5,319888.0,"Comedy, Drama, History, Adventure","The feel-good story of Michael 'Eddie' Edwards, an unlikely but courageous British ski-jumper who never stopped believing in himself—even as an entire nation was counting him out. With the help of a rebellious and charismatic coach, Eddie takes on the establishment and wins the hearts of sports fans around the world by making an improbable and historic showing at the 1988 Calgary Winter Olympics.",,,,/r562gvTRVHnDSvG7MrKHEECSn1V.jpg,/jbcEWHYpnlZ1aiMCLcRyiIhwUwY.jpg
2025-05-18,"The Chronicles of Narnia: The Lion, the Witch and the Wardrobe",2005.0,https://boxd.it/2ark,3.0,411.0,"Adventure, Family, Fantasy","Siblings Lucy, Edmund, Susan and Peter step through a magical wardrobe and find the land of Narnia. There, they discover a charming, once peaceful kingdom that has been plunged into eternal winter by the evil White Witch, Jadis. Aided by the wise and magnificent lion, Aslan, the children lead Narnia into a spectacular, climactic battle to be free of the Witch's glacial powers forever.",,,,/iREd0rNCjYdf5Ar0vfaW32yrkm.jpg,/tuDhEdza074bA497bO9WFEPs6O6.jpg
2025-05-17,Los Frikis,2024.0,https://boxd.it/B1xe,4.0,980296.0,Drama,"Gustavo idolizes his older brother Paco and his punk, ""Frikis"" bandmates. When word reaches the Frikis of a potential reprieve from the effects of the economic crisis, they do the now unthinkable: deliberately inject themselves with HIV to live at a government-run treatment home. It's there that they create their own utopia to live and play music freely.",,,,/kCGWNd8yFQ3E695kYuaUUv62pJP.jpg,/fOGTvPtALsehlUFYUoZPUoRIHhd.jpg
2025-05-17,Mission: Impossible – Dead Reckoning,2023.0,https://boxd.it/l7zS,3.0,575264.0,"Action, Thriller, Adventure","Ethan Hunt and his IMF team embark on their most dangerous mission yet: To track down a terrifying new weapon that threatens all of humanity before it falls into the wrong hands. With control of the future and the world's fate at stake and dark forces from Ethan's past closing in, a deadly race around the globe begins. Confronted by a mysterious, all-powerful enemy, Ethan must consider that nothing can matter more than his mission—not even the lives of those he cares about most.",,,,/NNxYkU70HPurnNCSiCjYAmacwm.jpg,/628Dep6AxEtDxjZoGP78TsOxYbK.jpg
2025-05-16,Irreversible,2002.0,https://boxd.it/29as,3.0,979.0,"Drama, Thriller, Crime",A woman’s lover and her ex-boyfriend take justice into their own hands after she becomes the victim of a rapist. Because some acts can’t be undone. Because man is an animal. Because the desire for vengeance is a natural impulse. Because most crimes remain unpunished.,,,,/rxeDxo8FvZpLu6iplNpxdtAVnfu.jpg,/xV1EfNSEg6id6juJPr1vM6p9x5X.jpg
2025-05-15,Mission: Impossible – Fallout,2018.0,https://boxd.it/bSVc,4.5,353081.0,"Action, Adventure","When an IMF mission ends badly, the world is faced with dire consequences. As Ethan Hunt takes it upon himself to fulfill his original briefing, the CIA begin to question his loyalty and his motives. The IMF team find themselves in a race against time, hunted by assassins while trying to prevent a global catastrophe.",,,,/AkJQpZp9WoNdj7pLYSj1L0RcMMN.jpg,/3IzR3VhZAyhxVnuRRUHFLkfK4hT.jpg
2025-05-15,Ride Along 2,2016.0,https://boxd.it/awtS,2.0,323675.0,"Action, Comedy","As his wedding day approaches, Ben heads to Miami with his soon-to-be brother-in-law James to bring down a drug dealer who's supplying the dealers of Atlanta with product.",,,,/qKvVUHdiwqkXdlRsW4fHO7SAZef.jpg,/x152hzQ03o6i7R78dL2Nwwy5Qhz.jpg
2025-05-15,Mission: Impossible – Rogue Nation,2015.0,https://boxd.it/5rI4,4.0,177677.0,"Action, Adventure","Ethan and team take on their most impossible mission yet—eradicating 'The Syndicate', an International and highly-skilled rogue organization committed to destroying the IMF.",,,,/fRJLXQBHK2wyznK5yZbO7vmsuVK.jpg,/vYIUN5rrCncHFY8WvcuXQlM4hk5.jpg
2025-05-15,Tomorrowland,2015.0,https://boxd.it/4YaC,3.0,158852.0,"Adventure, Family, Mystery, Science Fiction","Bound by a shared destiny, a bright, optimistic teen bursting with scientific curiosity and a former boy-genius inventor jaded by disillusionment embark on a danger-filled mission to unearth the secrets of an enigmatic place somewhere in time and space that exists in their collective memory as ""Tomorrowland.""",,,,/kziYpr5Nfw60P0My8aj1sgCEqed.jpg,/udYOmbW1JEZjVd726PWHlmptxPi.jpg
2025-05-15,Ride Along,2014.0,https://boxd.it/5dqA,3.0,168530.0,"Action, Comedy","For the past two years, high-school security guard Ben has been trying to show decorated APD detective James that he's more than just a video-game junkie who's unworthy of James' sister, Angela. When Ben finally gets accepted into the academy, he thinks he's earned the seasoned policeman's respect and asks for his blessing to marry Angela. Knowing that a ride along will demonstrate if Ben has what it takes to take care of his sister, James invites him on a shift designed to scare the hell out of the trainee. But when the wild night leads them to the most notorious criminal in the city, James will find that his new partner's rapid-fire mouth is just as dangerous as the bullets speeding at it.",,,,/qrt65VVaP5DEEBZgB5XYctA82Qv.jpg,/b7FwWsTgJ1lDcwvjnqu4uNqFdCd.jpg
2025-05-15,The Man with the Iron Fists,2012.0,https://boxd.it/3mMm,2.0,97430.0,Action,"In feudal China, a blacksmith who makes weapons for a small village is put in the position where he must defend himself and his fellow villagers.",,,,/nHgkRj6Igx3QsHmTyF4oAfBjAE7.jpg,/bTeyNpG9PczQbgeQuSndkMuLlna.jpg
2025-05-15,Mission: Impossible – Ghost Protocol,2011.0,https://boxd.it/psI,4.0,56292.0,"Action, Thriller, Adventure","Ethan Hunt and his team are racing against time to track down a dangerous terrorist named Hendricks, who has gained access to Russian nuclear launch codes and is planning a strike on the United States. An attempt to stop him ends in an explosion causing severe destruction to the Kremlin and the IMF to be implicated in the bombing, forcing the President to disavow them. No longer being aided by the government, Ethan and his team chase Hendricks around the globe, although they might still be too late to stop a disaster.",,,,/eRZTGx7GsiKqPch96k27LK005ZL.jpg,/ih4lZkUpmSE7AP3maymiO72xJ1z.jpg
2025-05-14,Shut the Door at 10:04,2024.0,https://boxd.it/SEgg,2.5,1422694.0,"Thriller, Horror","Jack must follow one simple rule: shut the door at 10:04pm, safe to leave at 8:13am.",,,,/j78Hcg9k20KhH5zlHGy3oEByLf3.jpg,/45XaNF8CIUeZ3bvavRC9tUDj4Gi.jpg
2025-05-14,Portrait of God,2022.0,https://boxd.it/CSom,4.0,1591126.0,,,,,,/8KFZwwIoh5zoMl1WxEXWhYlp53Y.jpg,/wg4KFiTdGSwdCVU6EaThmO7d7XX.jpg
2025-05-14,Catch Your Breath,2022.0,https://boxd.it/FE1E,3.0,1100660.0,Horror,"A shy teenager (Andrew) is peer pressured by his older brother (Mike) into playing a game that is said to summon the ghost of the town legend, 'The Lady Beneath'. To disprove his brother and impress a girl at school he reluctantly agrees. The rules of the game are simple, as long as Andrew holds his breath, he is safe from The Lady Beneath. But how long can Andrew hold his breath?",,,,/4lc4qYSaMOzngThnn3mF1sif2GN.jpg,
2025-05-14,Don't Breathe,2016.0,https://boxd.it/9yzw,3.5,300669.0,"Horror, Thriller, Crime",A group of teens break into a blind man's home thinking they'll get away with the perfect crime. They're wrong.,,,,/dSxHyPZ2nipSfvdft4IhQKjk5eZ.jpg,/3mIVOqDbYeucnw09TpjgHvSjXfu.jpg
2025-05-14,Street Fighter: Assassin's Fist,2014.0,https://boxd.it/aSMi,3.5,1016414.0,"Adventure, Action","If one man changes his path, will he be able to change his destiny...or will he only delay the inevitable?  Ryu and Ken are two traditional warriors who find themselves isolated in some corner of Japan to carry out their training as fighters, trying to master an ancient style of fighting, known as ""Ansatsuken"" (The Killing Fist). There they will begin to learn about the mysterious past of their trainer, Goken, and the tragic and dark legacy that the Ansatsuken style hides. Will they be able to choose their destiny or will history repeat itself once again?",,,,/tdp4Ahg8BgpLqPFIi7LLMwqiDt.jpg,/aAAaGHp3j19fblXaKgCFgVTqJRn.jpg
2025-05-14,Mission: Impossible III,2006.0,https://boxd.it/29cI,3.5,956.0,"Adventure, Action, Thriller","Retired from active duty, and training recruits for the Impossible Mission Force, agent Ethan Hunt faces the toughest foe of his career: Owen Davian, an international broker of arms and information, who's as cunning as he is ruthless. Davian emerges to threaten Hunt and all that he holds dear – including the woman Hunt loves.",,,,/vKGYCpmQyV9uHybWDzXuII8Los5.jpg,/bYKeB9uUcPmvikjouEEQ86uvPw9.jpg
2025-05-14,Mission: Impossible II,2000.0,https://boxd.it/29cS,3.0,955.0,"Adventure, Action, Thriller","With computer genius Luther Stickell at his side and a beautiful thief on his mind, agent Ethan Hunt races across Australia and Spain to stop a former IMF agent from unleashing a genetically engineered biological weapon called Chimera. This mission, should Hunt choose to accept it, plunges him into the center of an international crisis of terrifying magnitude.",,,,/hfnrual76gPeNFduhD4xzHWpfTw.jpg,/24DZfupDlhXeTchmcOkoGRhP5Vg.jpg
2025-05-13,Snow White,2025.0,https://boxd.it/fVuc,3.5,447273.0,,,,,,/oLxWocqheC8XbXbxqJ3x422j9PW.jpg,/tyfO9jHgkhypUFizRVYD0bytPjP.jpg
2025-05-13,Beckham,2023.0,https://boxd.it/J31g,4.0,1633569.0,Documentary,"Becoming The Beckhams is an in-depth look at the life and career of David and Victoria Beckham. From soccer schools and Spice Girls, to world-wide recognition and knighthoods, the success of the Beckhams is undoubted. With a perfectly crafted public image and countless sponsorships and brand deals the Beckhams transformed themselves into ""Brand Beckham"". Having elevated their appeal to a global scale, they became the most talked about couple in the country, surviving many media onslaughts from the tabloids.",,,,/qUDCx1lHmA99nmdkqzsXoTkkanT.jpg,/lHt2SXzWH37w3VEGsZBevspL6iz.jpg
2025-05-13,Nope,2022.0,https://boxd.it/sDCe,4.5,762504.0,"Horror, Science Fiction","Residents in a lonely gulch of inland California bear witness to an uncanny, chilling discovery.",,,,/AcKVlWaNVVVFQwro3nLXqPljcYA.jpg,/yRutvYkM3OP8N9oqqfjSK1VC7fs.jpg
2025-05-13,Arrival,2016.0,https://boxd.it/aNGk,4.5,329865.0,"Drama, Science Fiction, Mystery","Taking place after alien crafts land around the world, an expert linguist is recruited by the military to determine whether they come in peace or are a threat.",,,,/pEzNVQfdzYDzVK0XqxERIw2x2se.jpg,/8MUZz7oPXQftFTslZpRP3CVMOoq.jpg
2025-05-13,Magic Mike XXL,2015.0,https://boxd.it/7TTS,2.5,264999.0,"Comedy, Drama","Three years after Mike bowed out of the stripper life at the top of his game, he and the remaining Kings of Tampa hit the road to Myrtle Beach to put on one last blow-out performance.",,,,/jkuCNd3wOmf4sDlZ89HEt8jmsqr.jpg,/9w8jSvBN745BdgcB7VOz4AwsQAj.jpg
2025-05-13,Movie 43,2013.0,https://boxd.it/37qK,2.0,87818.0,Comedy,"A series of interconnected short films are the backdrop for a maniac screenwriter who pitches insane storylines featuring some of Hollywood's biggest and brightest.  In some countries, like the United Kingdom and the Netherlands, the structure differs. Instead of a pitch, the films are connected by a group of three teenagers searching for the most banned film in the world, Movie 43, which will ultimately lead to the destruction of civilization.",,,,/uYa06GxHsCsELx9vOQ11vsT0Aa6.jpg,/9bOjEovR9cdiFUYwZY7fyfNGWyL.jpg
2025-05-13,Magic Mike,2012.0,https://boxd.it/2HvY,3.0,77930.0,"Drama, Comedy","Mike, an experienced stripper, takes a younger performer called The Kid under his wing and schools him in the arts of partying, picking up women, and making easy money.",,,,/cfRv1INLSSumjvxAqEGOP6b0Aw1.jpg,/7DWGkbncSGb3nG6MAd2ZqxDvwEt.jpg
2025-05-13,The Midnight Meat Train,2008.0,https://boxd.it/1WSw,3.0,10185.0,"Horror, Mystery, Fantasy","A photographer's obsessive pursuit of dark subject matter leads him into the path of a serial killer who stalks late night commuters, ultimately butchering them in the most gruesome ways.",,,,/x5YbfyUA8huK0shr008xwzNVJ5Y.jpg,/tcV7eCdGFN3RzB2ByWRrH5Xf7cU.jpg
2025-05-13,28 Weeks Later,2007.0,https://boxd.it/28Bi,3.0,1562.0,"Horror, Thriller, Science Fiction","Twenty-eight weeks after the spread of a deadly rage virus, the inhabitants of the British Isles have lost their battle against the onslaught, as the virus has killed everyone there. Six months later, a group of Americans dare to set foot on the Isles, convinced the danger has passed. But it soon becomes all too clear that the scourge continues to live, waiting to pounce on its next victims.",,,,/oix0aNv1lvW3nUGspUyvSIBlpbs.jpg,/83ownpZPvBHJD5UVNShzQfa3LaW.jpg
2025-05-13,Sky High,2005.0,https://boxd.it/1TNI,2.5,11459.0,"Adventure, Comedy, Family","Set in a world where superheroes are commonly known and accepted, young Will Stronghold, the son of the Commander and Jetstream, tries to find a balance between being a normal teenager and an extraordinary being.",,,,/nBB0XNMwvYvWpo67EcxQqKMoMKf.jpg,/4gsnFDp3bsfFuDFot38F7sCVvBE.jpg
2025-05-13,28 Days Later,2002.0,https://boxd.it/2aXU,4.0,170.0,"Horror, Thriller, Science Fiction","Twenty-eight days after a killer virus was accidentally unleashed from a British research facility, a small group of London survivors are caught in a desperate struggle to protect themselves from the infected. Carried by animals and humans, the virus turns those it infects into homicidal maniacs -- and it's absolutely impossible to contain.",,,,/sQckQRt17VaWbo39GIu0TMOiszq.jpg,/aJFwk1clMal1prxAvKAgHxKPAf.jpg
2025-05-13,Titanic,1997.0,https://boxd.it/2a2k,4.0,597.0,"Drama, Romance","101-year-old Rose DeWitt Bukater tells the story of her life aboard the Titanic, 84 years later. A young Rose boards the ship with her mother and fiancé. Meanwhile, Jack Dawson and Fabrizio De Rossi win third-class tickets aboard the ship. Rose tells the whole story from Titanic's departure through to its death—on its first and last voyage—on April 15, 1912.",,,,/9xjZS2rlVxm8SFx8kPC3aIGCOYQ.jpg,/xnHVX37XZEp33hhCbYlQFq7ux1J.jpg
2025-05-13,Showgirls,1995.0,https://boxd.it/1Vmk,3.0,10802.0,Drama,"Fresh to Las Vegas with no connections, Nomi Malone takes a job as an exotic dancer. Her talents are quickly noticed by Cristal, a headlining dancer who senses an opportunity to bolster her own act. But Nomi won’t play second fiddle and soon begins her venomous path to the top, ruthlessly backstabbing anyone who gets in her way.",,,,/o4HT3Ap5c99W4FYpdXUtTvxGgPc.jpg,/jL3G2f8uNCFejJRlIqCzRp8Y7eV.jpg
2025-05-13,Hot Shots!,1991.0,https://boxd.it/1YhC,3.5,9595.0,"Action, Comedy, War","The gang that created Airplane! and The Naked Gun sets its sights on Top Gun in this spoof. Topper Harley is a talented but unstable fighter pilot with an axe to grind: clearing the family name. His mission is to avenge his father and save a mission sabotaged by greedy weapons manufacturers. He also gets involved in a relationship with Ramada Thompson, a woman with an unusually talented stomach. Hot Shots! makes fun of a variety of other films, from Dances with Wolves to The Fabulous Baker Boys.",,,,/koLIB5263emHxewmwgBBK26vjeS.jpg,/4RriqSJFCQkYpRhxFnQGh3sxZYY.jpg
2025-05-12,Napoleon,2023.0,https://boxd.it/shJM,1.0,753342.0,"History, War, Romance","An epic that details the checkered rise and fall of French Emperor Napoleon Bonaparte and his relentless journey to power through the prism of his addictive, volatile relationship with his wife, Josephine.",,,,/ytFOXyghxLzAM4KZyazDdEkM66q.jpg,/33pMXav77ICRnceEBLhL8lXTywv.jpg
2025-05-12,The Quiet Girl,2022.0,https://boxd.it/yvgm,4.5,916405.0,Drama,"A quiet, neglected girl is sent away from her dysfunctional family to live with relatives for the summer. She blossoms in their care, but in this house where there are meant to be no secrets, she discovers one.",,,,/6Njyz53N417cgxE0d7cBEWHUEjc.jpg,/23jok5sYloPEBwKd6Bp4V8Y1O9I.jpg
2025-05-12,Joker,2019.0,https://boxd.it/h4cS,4.5,475557.0,"Crime, Thriller, Drama","During the 1980s, a failed stand-up comedian is driven insane and turns to a life of crime and chaos in Gotham City while becoming an infamous psychopathic crime figure.",,,,/udDclJoHjfjb8Ekgsd4FDteOkCU.jpg,/rlay2M5QYvi6igbGcFjq8jxeusY.jpg
2025-05-12,Requiem for a Dream,2000.0,https://boxd.it/29VI,4.5,641.0,"Crime, Drama",The drug-induced utopias of four Coney Island residents are shattered when their addictions run deep.,,,,/9BTwsLaMVHOGFlmsSlx5QYCaXb.jpg,/fAGYRJCujRBMw7TCuTp893eSG8e.jpg
2025-05-12,Naked Gun 33⅓: The Final Insult,1994.0,https://boxd.it/1afQ,2.5,36593.0,"Comedy, Crime","Frank Drebin is persuaded out of retirement to go undercover in a state prison. There he has to find out what top terrorist, Rocco, has planned for when he escapes. Adding to his problems, Frank's wife, Jane, is desperate for a baby.",,,,/p0AYsdgkudR9P5fNV5AjzbwQt8W.jpg,/rZBc0S32bVNYOGJ5sKYsHhOwIT5.jpg
2025-05-12,The Naked Gun 2½: The Smell of Fear,1991.0,https://boxd.it/18Yu,2.5,37137.0,"Comedy, Crime","Bumbling lieutenant Frank Drebin is out to foil the big boys in the energy industry, who intend to suppress technology that will put them out of business.",,,,/v9niLQWVzVPB1cP1ThNdEaLZG1Q.jpg,/kCW0C3Bv5IsasICx3StdNEejfB5.jpg
2025-05-11,Movies I'll never watch again,,https://letterboxd.com/sarthi_watcher/list/movies-ill-never-watch-again/,3.0,,,,,,,,
2025-05-10,Megan Is Missing,2011.0,https://boxd.it/sKJG,2.5,63197.0,"Drama, Horror, Thriller","Fourteen-year–old Megan and her best friend Amy spend a lot of time on the internet, posting videos of themselves and chatting with guys online. One night Megan chats with a guy named Josh who convinces her to meet him for a date. The next day, Megan is missing—forever. Based on actual cases of child abduction.",,,,/lDmIqn0HJDjQJZDZaofuyaAnw2X.jpg,/hGTK2dnm1vXYpr26QGWjXIVpI9l.jpg
2025-05-09,Top Gun: Maverick,2022.0,https://boxd.it/cjr4,4.5,361743.0,"Action, Drama","After more than thirty years of service as one of the Navy’s top aviators, and dodging the advancement in rank that would ground him, Pete “Maverick” Mitchell finds himself training a detachment of TOP GUN graduates for a specialized mission the likes of which no living pilot has ever seen.",,,,/n0YuM4f5lvGAP6MAW2kBIzugXnc.jpg,/AaV1YIdWKnjAIAOe8UUKBFm327v.jpg
2025-05-09,Dumb and Dumber To,2014.0,https://boxd.it/3qPk,2.5,100042.0,Comedy,"20 years since their first adventure, Lloyd and Harry go on a road trip to find Harry's newly discovered daughter, who was given up for adoption.",,,,/cvEi0xV7TUkabJGuzulhvbMjrHi.jpg,/rYaADjAB6trEToo452FfVMoAdgl.jpg
2025-05-09,Yes Man,2008.0,https://boxd.it/1WPW,3.5,10201.0,"Comedy, Romance","Carl Allen, a guy whose life is going nowhere, signs up for a self-help program based on one simple covenant: say yes to everything…and anything.",,,,/8Vk2nQF1kY34x53YnWd5zDaTht.jpg,/l9kUuYVqiZV1r6d4nKUKcQvtLR3.jpg
2025-05-09,Dumb and Dumber,1994.0,https://boxd.it/206m,3.5,8467.0,Comedy,"Lloyd and Harry are two men whose stupidity is really indescribable. When Mary, a beautiful woman, loses an important suitcase with money before she leaves for Aspen, the two friends (who have found the suitcase) decide to return it to her. After some ""adventures"" they finally get to Aspen where, using the lost money they live it up and fight for Mary's heart.",,,,/4LdpBXiCyGKkR8FGHgjKlphrfUc.jpg,/8uBTDGRcNHhYChcoazP5rleRME7.jpg
2025-05-09,The Naked Gun: From the Files of Police Squad!,1988.0,https://boxd.it/18YE,3.5,37136.0,"Comedy, Crime","When the bumbling Lieutenant Frank Drebin investigates events following the shooting of his partner, he stumbles upon an attempt to assassinate Queen Elizabeth II.",,,,/zT0mhZqZQJE1gSY5Eg9qcGP4NYo.jpg,/qpjuVCGZvNsbDa4UyxrbAa4Dno3.jpg
2025-05-09,Top Gun,1986.0,https://boxd.it/29JC,4.0,744.0,"Action, Drama, Romance","For Lieutenant Pete 'Maverick' Mitchell and his friend and co-pilot Nick 'Goose' Bradshaw, being accepted into an elite training school for fighter pilots is a dream come true. But a tragedy, as well as personal demons, will threaten Pete's dreams of becoming an ace pilot.",,,,/xUuHj3CgmZQ9P2cMaqQs4J0d4Zc.jpg,/dBgxEkWe17R0AJDAvAhpeVELQx2.jpg
2025-05-08,Mission: Impossible,1996.0,https://boxd.it/29d2,4.0,954.0,"Adventure, Action, Thriller","When Ethan Hunt, the leader of a crack espionage team whose perilous operation has gone awry with no explanation, discovers that a mole has penetrated the CIA, he's surprised to learn that he's the prime suspect. To clear his name, Hunt now must ferret out the real double agent and, in the process, even the score.",,,,/l5uxY5m5OInWpcExIpKG6AR3rgL.jpg,/sra8XnL96OyLHENcglmZJg6HA8z.jpg
2025-05-07,Ra.One,2011.0,https://boxd.it/ZbS,3.5,41517.0,"Adventure, Action, Science Fiction","When the titular antagonist of an action game takes on physical form, it's up to the game's less powerful protagonist to save the world.",,,,/qwC3rbgCI0frJpRxVm74Ak3ktpU.jpg,/lXI2fhjeoah5d5pxoR9GMogb6Q3.jpg
2025-05-07,Krrish,2006.0,https://boxd.it/1gCw,4.0,32740.0,"Action, Science Fiction","In Singapore, Krishna is forced by circumstances to use his superpowers and become a masked superhero named Krrish, before getting drawn towards his lost legacy.",,,,/Apd4UKesyTmpDutEjNVHP45kvBi.jpg,/7yD0xhcx600Ng2XBElVE4eN4bE7.jpg
2025-05-06,The Man Who Knew Infinity,2015.0,https://boxd.it/bTpm,4.0,353326.0,"Drama, History","Growing up poor in Madras, India, Srinivasa Ramanujan Iyengar earns admittance to Cambridge University during WWI, where he becomes a pioneer in mathematical theories with the guidance of his professor, G.H. Hardy.",,,,/v2X1BtkxaV8pzLbmM8a5gTdpg7B.jpg,/cJ6dqrHhts085zJTMaXECjp0RfX.jpg
2025-05-05,Scary Movie 5,2013.0,https://boxd.it/24AU,2.0,4258.0,Comedy,"Home with their newly-formed family, happy parents Dan and Jody are haunted by sinister, paranormal activities. Determined to expel the insidious force, they install security cameras and discover their family is being stalked by an evil dead demon.",,,,/vBqLLxE6GaAPhO6v9EFvFbLZ7Ap.jpg,/2eW8VlLXjUq4OKk8SYf5KTr91Kv.jpg
2025-05-05,Scary Movie 4,2006.0,https://boxd.it/24B4,2.0,4257.0,Comedy,"Cindy finds out the house she lives in is haunted by a little boy and goes on a quest to find out who killed him and why. Also, Alien ""Tr-iPods"" are invading the world and she has to uncover the secret in order to stop them.",,,,/dEwlu8S0z1AibuX1weLwUyiRWFl.jpg,/pSNwe7G9bESwlCBVurlwRs7fMZU.jpg
2025-05-04,Scary Movie 3,2003.0,https://boxd.it/24Be,3.5,4256.0,Comedy,"In the third installment of the Scary Movie franchise, news anchorwoman Cindy Campbell has to investigate mysterious crop circles and killing video tapes, and help the President stop an alien invasion in the process.",,,,/8dLsax5KSwlCY5uWXETKjud5k6U.jpg,/nF74HKjNe7X54XMcIc7ulK5InxR.jpg
2025-05-04,Scary Movie 2,2001.0,https://boxd.it/24Cw,2.5,4248.0,Comedy,"While the original parodied slasher flicks like Scream, Keenen Ivory Wayans's sequel to Scary Movie takes comedic aim at haunted house movies. A group of students visit a mansion called ""Hell House,"" and murderous high jinks ensue.",,,,/7Eb1JWK0Cb0rbfsYjwfc9g0PbQH.jpg,/cjSB3ZjaMpaa9oHFyeYha3KG0mp.jpg
2025-05-03,It,2017.0,https://boxd.it/bC8e,3.0,346364.0,"Horror, Thriller, Drama","In a small town in Maine, seven children known as The Losers Club come face to face with life problems, bullies and a monster that takes the shape of a clown called Pennywise.",,,,/9E2y5Q7WlCVNEhP5GiVTjhEhx1o.jpg,/qVGpxnjrGlHaSTCqTQI6viBDSfp.jpg
2025-05-03,Scary Movie,2000.0,https://boxd.it/24CG,3.5,4247.0,Comedy,"A familiar-looking group of teenagers find themselves being stalked by a more-than-vaguely recognizable masked killer! As the victims begin to pile up and the laughs pile on, none of your favorite scary movies escape the razor-sharp satire of this outrageously funny parody!",,,,/fVQFPRuw3yWXojYDJvA5EoFjUOY.jpg,/m5dA4JZsj78EBTa2D6imWOAebwB.jpg
2025-05-03,The Omen,1976.0,https://boxd.it/29By,3.5,794.0,"Horror, Thriller","Immediately after their miscarriage, the US diplomat Robert Thorn adopts the newborn Damien without the knowledge of his wife. Yet what he doesn’t know is that their new son is the son of the devil.",,,,/mDcjjEu1fMNmsXi4l4D8IftlTix.jpg,/5sfbPsenSrbH8pzVMjEd0LUu50Y.jpg
2025-05-02,Thunderbolts*,2025.0,https://boxd.it/BfbQ,4.0,986056.0,"Action, Science Fiction, Adventure","After finding themselves ensnared in a death trap, seven disillusioned castoffs must embark on a dangerous mission that will force them to confront the darkest corners of their pasts.",,,,/hqcexYHbiTBfDIdDWxrxPtVndBX.jpg,/rthMuZfFv4fqEU4JVbgSW9wQ8rs.jpg
2025-05-02,The First Omen,2024.0,https://boxd.it/fx08,4.0,437342.0,Horror,"When a young American woman is sent to Rome to begin a life of service to the church, she encounters a darkness that causes her to question her own faith and uncovers a terrifying conspiracy that hopes to bring about the birth of evil incarnate.",,,,/tnsDyNNkOxYUyjD8CNJoAla6YvY.jpg,/mIBG74mhGEJnBubhYLkCtvplcNr.jpg
2025-05-02,The Pope's Exorcist,2023.0,https://boxd.it/stZ8,3.5,758323.0,"Horror, Thriller","Father Gabriele Amorth, Chief Exorcist of the Vatican, investigates a young boy's terrifying possession and ends up uncovering a centuries-old conspiracy the Vatican has desperately tried to keep hidden.",,,,/jFC4LS5qTAT3PinzdEzINfu1CV9.jpg,/3oqmk6mNWPatBKcjOOJLp5WW9zN.jpg
2025-05-01,Godzilla Minus One,2023.0,https://boxd.it/zu4c,4.0,940721.0,"Science Fiction, Horror, Action","In postwar Japan, Godzilla brings new devastation to an already scorched landscape. With no military intervention or government help in sight, the survivors must join together in the face of despair and fight back against an unrelenting horror.",,,,/2E2WTX0TJEflAged6kzErwqX1kt.jpg,/oHBhHoNe59VH6bUMazDtJmWOFSS.jpg
2025-05-01,Extraction 2,2023.0,https://boxd.it/q4Zo,2.5,697843.0,"Action, Thriller, Crime","Back from the brink of death, highly skilled commando Tyler Rake takes on another dangerous mission: saving the imprisoned family of a ruthless gangster.",,,,/7gKI9hpEMcZUQpNgKrkDzJpbnNS.jpg,/wRxLAw4l17LqiFcPLkobriPTZAw.jpg
2025-05-01,K.G.F: Chapter 2,2022.0,https://boxd.it/lCgM,4.0,587412.0,"Action, Thriller, Adventure, Crime","The blood-soaked land of Kolar Gold Fields (KGF) has a new overlord now - Rocky, whose name strikes fear in the heart of his foes. His allies look up to Rocky as their Savior, the government sees him as a threat to law and order; enemies are clamoring for revenge and conspiring for his downfall. Bloodier battles and darker days await as Rocky continues on his quest for unchallenged supremacy.",,,,/khNVygolU0TxLIDWff5tQlAhZ23.jpg,/nsV5Mfi9FAV4w8eDsdr7uqVswOk.jpg
2025-05-01,Hotel Transylvania: Transformania,2022.0,https://boxd.it/lwCC,3.0,585083.0,"Animation, Comedy, Family, Adventure, Fantasy","When Van Helsing's mysterious invention, the ""Monsterfication Ray,"" goes haywire, Drac and his monster pals are all transformed into humans, and Johnny becomes a monster. In their new mismatched bodies, Drac and Johnny must team up and race across the globe to find a cure before it's too late, and before they drive each other crazy.",,,,/teCy1egGQa0y8ULJvlrDHQKnxBL.jpg,/7QabKu8tizoqy8qCZJXljdSpP4A.jpg
2025-05-01,Jujutsu Kaisen 0,2021.0,https://boxd.it/uvFS,3.5,810693.0,"Animation, Action, Fantasy","Yuta Okkotsu is a nervous high school student who is suffering from a serious problem—his childhood friend Rika has turned into a curse and won't leave him alone. Since Rika is no ordinary curse, his plight is noticed by Satoru Gojo, a teacher at Jujutsu High, a school where fledgling exorcists learn how to combat curses. Gojo convinces Yuta to enroll, but can he learn enough in time to confront the curse that haunts him?",,,,/23oJaeBh0FDk2mQ2P240PU9Xxfh.jpg,/rcEDPOOOUTLFxLLQJggfLffbofe.jpg
2025-05-01,Demon Slayer -Kimetsu no Yaiba- The Movie: Mugen Train,2020.0,https://boxd.it/nyLU,4.5,635302.0,"Animation, Action, Fantasy","Tanjiro Kamado, joined with Inosuke Hashibira, a boy raised by boars who wears a boar's head, and Zenitsu Agatsuma, a scared boy who reveals his true power when he sleeps, boards the Infinity Train on a new mission with the Fire Hashira, Kyojuro Rengoku, to defeat a demon who has been tormenting the people and killing the demon slayers who oppose it!",,,,/h8Rb9gBr48ODIwYUttZNYeMWeUU.jpg,/qjGrUmKW78MCFG8PTLDBp67S27p.jpg
2025-05-01,Extraction,2020.0,https://boxd.it/jUjA,3.0,545609.0,"Action, Thriller",A hardened gun-for-hire's latest mission becomes a soul-searching race to survive when he's sent into Bangladesh to rescue a drug lord's kidnapped son.,,,,/nygOUcBKPHFTbxsYRFZVePqgPK6.jpg,/1R6cvRtZgsYCkh8UFuWFN33xBP4.jpg
2025-05-01,Dolittle,2020.0,https://boxd.it/fXEy,2.0,448119.0,"Family, Comedy, Fantasy, Adventure","After losing his wife seven years earlier, the eccentric Dr. John Dolittle, famed doctor and veterinarian of Queen Victoria’s England, hermits himself away behind the high walls of Dolittle Manor with only his menagerie of exotic animals for company. But when the young queen falls gravely ill, a reluctant Dolittle is forced to set sail on an epic adventure to a mythical island in search of a cure, regaining his wit and courage as he crosses old adversaries and discovers wondrous creatures.",,,,/3Nt3v1uzUgfSuVARD1AnI9g9Zl9.jpg,/xcUf6yIheo78btFqihlRLftdR3M.jpg
2025-05-01,Promare,2019.0,https://boxd.it/keFQ,4.0,553600.0,"Animation, Action, Science Fiction","Galo and the Burning Rescue Fire Department face off against BURNISH, a group of mutants who are able to control and wield flames, and the fire disaster they have unleashed on Earth.",,,,/cCVRivpiVUJ4Wn6gHm8pLXppXla.jpg,/f2KgbKxSgOUfHxH434pfpzWC0N1.jpg
2025-05-01,Ip Man 4: The Finale,2019.0,https://boxd.it/g2eq,4.0,449924.0,"Action, History, Drama","Following the death of his wife, Ip Man travels to San Francisco to ease tensions between the local kung fu masters and his star student, Bruce Lee, while searching for a better future for his son.",,,,/b5cz6BoyHrgBnhfDHOW5hXRWbln.jpg,/jZDudPPIV4lSxEVgzfK9Z6nHdhi.jpg
2025-05-01,Dark Phoenix,2019.0,https://boxd.it/anyO,1.5,320288.0,"Science Fiction, Action, Adventure","The X-Men face their most formidable and powerful foe when one of their own, Jean Grey, starts to spiral out of control. During a rescue mission in outer space, Jean is nearly killed when she's hit by a mysterious cosmic force. Once she returns home, this force not only makes her infinitely more powerful, but far more unstable. The X-Men must now band together to save her soul and battle aliens that want to use Grey's new abilities to rule the galaxy.",,,,/cCTJPelKGLhALq3r51A9uMonxKj.jpg,/cjRUhKyt2Jo3V1KNzc5tpPNfccG.jpg
2025-05-01,K.G.F: Chapter 1,2018.0,https://boxd.it/kGf2,4.0,564147.0,"Action, Thriller, Adventure, Crime","A period drama set in the 1970s, KGF follows the story of a fierce rebel who rises against the brutal oppression in Kolar Gold Fields and becomes the symbol of hope to legions of downtrodden people.",,,,/ltHlJwvxKv7d0ooCiKSAvfwV9tX.jpg,/4i1ofsSpfTuswHXcgPtXbZrSnoe.jpg
2025-05-01,Antrum,2018.0,https://boxd.it/exNM,3.0,412546.0,Horror,"Rumored to have been lost, Antrum appears as a cursed film from the 1970s. Viewers are warned to proceed with caution. It’s said to be a story about a young boy and girl who enter the forest in an attempt to save the soul of their recently deceased pet. They journey to “The Antrum,” the very spot the devil landed after being cast out of heaven. There, the children begin to dig a hole to hell.",,,,/20de4Rcmy4B0L5zyOc3Nc5F7c0D.jpg,/kUfhJUEa4Djx9yCxYCkuEcJFE12.jpg
2025-05-01,Solo: A Star Wars Story,2018.0,https://boxd.it/bGWs,3.0,348350.0,"Science Fiction, Adventure, Action","Through a series of daring escapades deep within a dark and dangerous criminal underworld, Han Solo meets his mighty future copilot Chewbacca and encounters the notorious gambler Lando Calrissian.",,,,/4oD6VEccFkorEBTEDXtpLAaz0Rl.jpg,/7LZ0K4FsALrt7OeNIGOVLNuKQRU.jpg
2025-05-01,Rampage,2018.0,https://boxd.it/f9a4,2.5,427641.0,"Action, Adventure, Science Fiction","Primatologist Davis Okoye shares an unshakable bond with George, the extraordinarily intelligent, silverback gorilla who has been in his care since birth.  But a rogue genetic experiment gone awry mutates this gentle ape into a raging creature of enormous size.  To make matters worse, it’s soon discovered there are other similarly altered animals.  As these newly created alpha predators tear across North America, destroying everything in their path, Okoye teams with a discredited genetic engineer to secure an antidote, fighting his way through an ever-changing battlefield, not only to halt a global catastrophe but to save the fearsome creature that was once his friend.",,,,/MGADip4thVSErP34FAAfzFBTZ5.jpg,/vm8mhrjk5nQ562UQ0KbUzi0yOHr.jpg
2025-05-01,Hotel Transylvania 3: Summer Vacation,2018.0,https://boxd.it/e1zI,2.0,400155.0,"Animation, Comedy, Family, Fantasy","Dracula, Mavis, Johnny and the rest of the Drac Pack take a vacation on a luxury Monster Cruise Ship, where Dracula falls in love with the ship’s captain, Ericka, who’s secretly a descendant of Abraham Van Helsing, the notorious monster slayer.",,,,/lzE5BwGQea1nek7TPXUuC5AZ6rq.jpg,/gvUYIHWzq7r3KuzAaKvly2h0SjM.jpg
2025-05-01,Transformers: The Last Knight,2017.0,https://boxd.it/b8xo,3.0,335988.0,"Action, Adventure, Science Fiction","Humans and Transformers are at war. Optimus Prime is gone. The key to saving our future lies buried in the secrets of the past, in the hidden history of Transformers on Earth. Saving our world falls upon the shoulders of an unlikely alliance: Cade Yeager; Bumblebee; an English Lord; and an Oxford Professor.",,,,/s5HQf2Gb3lIO2cRcFwNL9sn1o1o.jpg,/1n00NlOGRFZVs8coBxyZLm5l4EC.jpg
2025-05-01,Despicable Me 3,2017.0,https://boxd.it/azpu,3.0,324852.0,"Action, Animation, Comedy, Family, Adventure",Gru and his wife Lucy must stop former '80s child star Balthazar Bratt from achieving world domination.,,,,/e72KCMHNkbZ6USRJmABeqwmaJ5n.jpg,/ftRkFtAGuHngHnLiOxktq0aCVMF.jpg
2025-05-01,Batman v Superman: Dawn of Justice,2016.0,https://boxd.it/6fBW,3.5,209112.0,"Action, Adventure, Fantasy","Fearing the actions of a god-like Super Hero left unchecked, Gotham City’s own formidable, forceful vigilante takes on Metropolis’s most revered, modern-day savior, while the world wrestles with what sort of hero it really needs. And with Batman and Superman at war with one another, a new threat quickly arises, putting mankind in greater danger than it’s ever known before.",,,,/5UsK3grJvtQrtzEgqNlDljJW96w.jpg,/5fX1oSGuYdKgwWmUTAN5MNSQGzr.jpg
2025-05-01,X-Men: Apocalypse,2016.0,https://boxd.it/7eJi,3.0,246655.0,"Action, Adventure, Science Fiction, Fantasy","After the re-emergence of the world's first mutant, world-destroyer Apocalypse, the X-Men must unite to defeat his extinction level plan.",,,,/ikA8UhYdTGpqbatFa93nIf6noSr.jpg,/sTQNRqLbfCXolrb5CizAW1dj528.jpg
2025-05-01,Minions,2015.0,https://boxd.it/6jCO,4.0,211672.0,"Family, Animation, Adventure, Comedy","Minions Stuart, Kevin and Bob are recruited by Scarlet Overkill, a super-villain who, alongside her inventor husband Herb, hatches a plot to take over the world.",,,,/dr02BdCNAUPVU07aOodwPYv6HCf.jpg,/wKrxeY6lbu7KFBsWVcMH6M8avwr.jpg
2025-05-01,Hotel Transylvania 2,2015.0,https://boxd.it/4ZLk,3.0,159824.0,"Animation, Comedy, Family, Fantasy","When the old-old-old-fashioned vampire Vlad arrives at the hotel for an impromptu family get-together, Hotel Transylvania is in for a collision of supernatural old-school and modern day cool.",,,,/3nFnrivNgipSKZ8LZJJbRSlAcTR.jpg,/mfnkxXWuh2Br097Qteq8ieqKfev.jpg
2025-05-01,The Walk,2015.0,https://boxd.it/8Rao,3.0,285783.0,"History, Drama, Adventure",The story of French high-wire artist Philippe Petit's attempt to cross the Twin Towers of the World Trade Center in 1974.,,,,/tiESRqurrZwAC0hpERogOsBhjeg.jpg,/q2Ev0aXGXm5Hnm12TVtvdgNhMnv.jpg
2025-05-01,Ip Man 3,2015.0,https://boxd.it/cDqA,3.0,365222.0,"Action, Drama, History","When a band of brutal gangsters led by a crooked property developer make a play to take over the city, Master Ip is forced to take a stand.",,,,/8PvinaGEqzf1rrfFAxiXujJnCtI.jpg,/19Shb0Xn0PeLXA4CkT2TIIvxaR6.jpg
2025-05-01,The Judge,2014.0,https://boxd.it/6aiU,4.5,205587.0,Drama,"A successful lawyer returns to his hometown for his mother's funeral only to discover that his estranged father, the town's judge, is suspected of murder.",,,,/3K93GWotLXe4FqpErri0xkpLaD5.jpg,/sPantp0oQ9idos7Jdwko2r6ZOIa.jpg
2025-05-01,X-Men: Days of Future Past,2014.0,https://boxd.it/4aRw,3.5,127585.0,"Action, Adventure, Science Fiction",The ultimate X-Men ensemble fights a war for the survival of the species across two time periods as they join forces with their younger selves in an epic battle that must change the past – to save our future.,,,,/tYfijzolzgoMOtegh1Y7j2Enorg.jpg,/3czpqXzFy5UcNuD1AubecRLWkwD.jpg
2025-05-01,Despicable Me 2,2013.0,https://boxd.it/3gg0,3.5,93456.0,"Animation, Comedy, Family",Gru is recruited by the Anti-Villain League to help deal with a powerful new super criminal.,,,,/5Fh4NdoEnCjCK9wLjdJ9DJNFl2b.jpg,/uD267eSiACfWLxp47t3gYymOQRj.jpg
2025-05-01,The Wolverine,2013.0,https://boxd.it/2CWU,3.5,76170.0,"Action, Science Fiction, Adventure","Wolverine faces his ultimate nemesis - and tests of his physical, emotional, and mortal limits - in a life-changing voyage to modern-day Japan.",,,,/t2wVAcoRlKvEIVSbiYDb8d0QqqS.jpg,/bEAQfLTykGg232kJogBlxRYaRqU.jpg
2025-05-01,The Hangover Part III,2013.0,https://boxd.it/3GNY,2.5,109439.0,Comedy,"This time, there's no wedding. No bachelor party. What could go wrong, right? But when the Wolfpack hits the road, all bets are off.",,,,/vtxuPWkdllLNLVyGjKYa267ntuH.jpg,/o8ZS811VjYbBi4pRYwILLdWCVey.jpg
2025-05-01,Hotel Transylvania,2012.0,https://boxd.it/2DF6,3.5,76492.0,"Animation, Comedy, Family, Fantasy","Welcome to Hotel Transylvania, Dracula's lavish five-stake resort, where monsters and their families can live it up and no humans are allowed. One special weekend, Dracula has invited all his best friends to celebrate his beloved daughter Mavis's 118th birthday. For Dracula catering to all of these legendary monsters is no problem but the party really starts when one ordinary guy stumbles into the hotel and changes everything!",,,,/eJGvzGrsfe2sqTUPv5IwLWXjVuR.jpg,/5rARlA8beRAVXPYzSaF2NoS8Ry5.jpg
2025-05-01,X-Men: First Class,2011.0,https://boxd.it/FOA,4.0,49538.0,"Action, Science Fiction, Adventure","Before Charles Xavier and Erik Lensherr took the names Professor X and Magneto, they were two young men discovering their powers for the first time. Before they were arch-enemies, they were closest of friends, working together with other mutants (some familiar, some new), to stop the greatest threat the world has ever known.",,,,/hNEokmUke0dazoBhttFN0o3L7Xv.jpg,/yhp5Pt4GugkCs5mz63qWz5khHXe.jpg
2025-05-01,The Hangover Part II,2011.0,https://boxd.it/PZI,3.0,45243.0,Comedy,"The Hangover crew heads to Thailand for Stu's wedding. After the disaster of a bachelor party in Las Vegas last year, Stu is playing it safe with a mellow pre-wedding brunch. However, nothing goes as planned and Bangkok is the perfect setting for another adventure with the rowdy group.",,,,/cKZu0Fdkj7dmwbfMpgDqVVCkLJQ.jpg,/aGmsekNU5cMOkJMpbdRutkvmVMl.jpg
2025-05-01,Megamind,2010.0,https://boxd.it/16Sk,4.5,38055.0,"Animation, Action, Comedy, Family, Science Fiction","After Megamind, a highly intelligent alien supervillain, defeats his long-time nemesis Metro Man, Megamind creates a new hero to fight, but must act to save the city when his ""creation"" becomes an even worse villain than he was.",,,,/uZ9ytt3sPTx62XTfN56ILSuYWRe.jpg,/irpJXGiVr539uuspcQcNdkhS2lq.jpg
2025-05-01,Despicable Me,2010.0,https://boxd.it/1DD8,4.0,20352.0,"Family, Comedy, Animation, Science Fiction, Action","Gru is a supervillain determined to prove he’s the greatest by stealing the Moon. To pull off his plan, he adopts three orphaned girls—Margo, Edith, and Agnes—intending to use them as part of his scheme. However, as Gru bonds with the girls, his cold, villainous exterior begins to melt.",,,,/b1BT309QWjtFUlJPLmXmrcHOWEL.jpg,/2XSeKDmIa2KxaiJy4J9e8FrIZhk.jpg
2025-05-01,Ip Man 2,2010.0,https://boxd.it/18gs,4.0,37472.0,"Action, History, Drama","Having defeated the best fighters of the Imperial Japanese army in occupied Shanghai, Ip Man and his family settle in post-war Hong Kong. Struggling to make a living, Master Ip opens a kung fu school to bring his celebrated art of Wing Chun to the troubled youth of Hong Kong. His growing reputation soon brings challenges from powerful enemies, including pre-eminent Hung Gar master, Hung Quan.",,,,/wMcyFfKcJneVgcHxWYiQNUNHUsq.jpg,/lFhTEHBphkHw5hDsuRLYAXZB3u4.jpg
2025-05-01,The Hangover,2009.0,https://boxd.it/1GjK,4.0,18785.0,Comedy,"When three friends finally come to after a raucous night of bachelor-party revelry, they find a baby in the closet and a tiger in the bathroom. But they can't seem to locate their best friend, Doug – who's supposed to be tying the knot. Launching a frantic search for Doug, the trio perseveres through a nasty hangover to try to make it to the church on time.",,,,/A0uS9rHR56FeBtpjVki16M5xxSW.jpg,/iuRVt8tFiXDPGgzavhuSa3QHRxD.jpg
2025-05-01,X-Men Origins: Wolverine,2009.0,https://boxd.it/27ug,3.0,2080.0,"Adventure, Action, Science Fiction","After seeking to live a normal life, Logan sets out to avenge the death of his girlfriend by undergoing the mutant Weapon X program and becoming Wolverine.",,,,/yj8LbTju1p7CUJg7US2unSBk33s.jpg,/p4GzAzjlL7lXIVGvayg7zvzGTSi.jpg
2025-05-01,Ip Man,2008.0,https://boxd.it/1NrQ,4.5,14756.0,"Drama, Action, History","A semi-biographical account of Yip Man, the first martial arts master to teach the Chinese martial art of Wing Chun. The film focuses on events surrounding Ip that took place in the city of Foshan between the 1930s to 1940s during the Second Sino-Japanese War. Directed by Wilson Yip, the film stars Donnie Yen in the lead role, and features fight choreography by Sammo Hung.",,,,/9bUIrDKnesNbBL1nAl1nt7gtocE.jpg,/69QJSMkm5Hh0x9fLElZ8hjv5N4P.jpg
2025-05-01,Mr. Bean's Holiday,2007.0,https://boxd.it/28Yc,4.0,1268.0,"Family, Comedy","Mr. Bean wins a trip to Cannes where he unwittingly separates a young boy from his father and must help the two reunite. On the way he discovers France, bicycling and true love, among other things.",,,,/bSSx9Sq6irWwN9NTQmoT9KE8kXn.jpg,/e8FC87nMR1Bv2Q8k79j6cAVcJo.jpg
2025-05-01,I Am Legend,2007.0,https://boxd.it/21DG,3.5,6479.0,"Drama, Science Fiction, Thriller","Robert Neville is a scientist who was unable to stop the spread of the terrible virus that was incurable and man-made. Immune, Neville is now the last human survivor in what is left of New York City and perhaps the world. For three years, Neville has faithfully sent out daily radio messages, desperate to find any other survivors who might be out there. But he is not alone.",,,,/iPDkaSdKk2jRLTM65UOEoKtsIZ8.jpg,/ePgD1cwmklyrFBjl6z96IuixuSY.jpg
2025-05-01,Rush Hour 3,2007.0,https://boxd.it/23gk,3.0,5174.0,"Action, Comedy, Crime","After a botched assassination attempt, the mismatched duo finds themselves in Paris, struggling to retrieve a precious list of names, as the murderous crime syndicate's henchmen try their best to stop them. Once more, Lee and Carter must fight their way through dangerous gangsters; however, this time, the past has come back to haunt Lee. Will the boys get the job done once and for all?",,,,/mp9CzKxLa2i7yblMXUrzVfGqsCo.jpg,/ozsLB1HRCN6ZAmJN89pWtoiAwnb.jpg
2025-05-01,Fantastic Four: Rise of the Silver Surfer,2007.0,https://boxd.it/27Ii,3.0,1979.0,"Science Fiction, Adventure, Action","The Fantastic Four return to the big screen as a new and all powerful enemy threatens the Earth. The seemingly unstoppable 'Silver Surfer', but all is not what it seems and there are old and new enemies that pose a greater threat than the intrepid superheroes realize.",,,,/9wRfzTcMyyzkQxVDqBHv8RwuZOv.jpg,/o2wYH40zW0JIYiYUTu6L4gsNy7E.jpg
2025-05-01,X-Men: The Last Stand,2006.0,https://boxd.it/1a5Q,2.5,36668.0,"Adventure, Action, Science Fiction, Thriller","When a cure is found to treat mutations, lines are drawn amongst the X-Men—led by Professor Charles Xavier—and the Brotherhood, a band of powerful mutants organised under Xavier's former ally, Magneto.",,,,/a2xicU8DpKtRizOHjQLC1JyCSRS.jpg,/nLMXULCGLnzRxz11txPzPqbOHSz.jpg
2025-05-01,Zathura: A Space Adventure,2005.0,https://boxd.it/21mq,4.0,6795.0,"Science Fiction, Adventure, Family","After their father is called into work, two young boys, Walter and Danny, are left in the care of their teenage sister, Lisa, and told they must stay inside. Walter and Danny, who anticipate a boring day, are shocked when they begin playing Zathura, a space-themed board game, which they realize has mystical powers when their house is shot into space. With the help of an astronaut, the boys attempt to return home.",,,,/gDb5BW2NLqZ9cvg9nyzkZVvmgze.jpg,/s9Bn7Mx4U9cWOR1WdFZjU1DTAkh.jpg
2025-05-01,Kiss Kiss Bang Bang,2005.0,https://boxd.it/23c8,3.5,5236.0,"Comedy, Crime, Mystery, Thriller",A petty thief posing as an actor is brought to Los Angeles for an unlikely audition and finds himself in the middle of a murder investigation along with his high school dream girl and a detective who's been training him for his upcoming role...,,,,/aWfjIkpENFX6Uw82pET7EQ6jnrd.jpg,/kKdBNPXfjENj3wG5qtiCrZ2wflp.jpg
2025-05-01,X2,2003.0,https://boxd.it/1a7i,3.5,36658.0,"Adventure, Action, Science Fiction","Professor Charles Xavier and his team of genetically gifted superheroes face a rising tide of anti-mutant sentiment led by Col. William Stryker. Storm, Wolverine and Jean Grey must join their usual nemeses—Magneto and Mystique—to unhinge Stryker's scheme to exterminate all mutants.",,,,/bst4alFUXCxISwdRUKSMhhkrX1M.jpg,/7TYITrR804tLITNur3b8VLCK6tw.jpg
2025-05-01,Bruce Almighty,2003.0,https://boxd.it/2aCC,3.5,310.0,"Fantasy, Comedy","Bruce Nolan toils as a ""human interest"" television reporter in Buffalo, NY, but despite his high ratings and the love of his beautiful girlfriend, Bruce remains unfulfilled. At the end of the worst day in his life, he angrily ridicules God — and the Almighty responds, endowing Bruce with all of His divine powers.",,,,/wqkWrOFtYnZSvIMu8Lsmz7WIvKC.jpg,/m0eJc9CwCy5nowYQdNEaxkHHmj4.jpg
2025-05-01,Rush Hour 2,2001.0,https://boxd.it/23ga,3.5,5175.0,"Action, Comedy, Crime","It's vacation time for Carter as he finds himself alongside Lee in Hong Kong wishing for more excitement. While Carter wants to party and meet the ladies, Lee is out to track down a Triad gang lord who may be responsible for killing two men at the American Embassy. Things get complicated as the pair stumble onto a counterfeiting plot. The boys are soon up to their necks in fist fights and life-threatening situations. A trip back to the U.S. may provide the answers about the bombing, the counterfeiting, and the true allegiance of sexy customs agent Isabella.",,,,/aBQf2vMiCINeVC9v6BGVYKXurTh.jpg,/vPJwn9pp5f58CqdaXU3eOSLoJkl.jpg
2025-05-01,X-Men,2000.0,https://boxd.it/1a7s,3.0,36657.0,"Adventure, Action, Science Fiction","Two mutants, Rogue and Wolverine, come to a private academy for their kind whose resident superhero team, the X-Men, must oppose a terrorist organization with similar powers.",,,,/bRDAc4GogyS9ci3ow7UnInOcriN.jpg,/3QUVzbcNyfGe3ocWkYAT8emK8Co.jpg
2025-05-01,Rush Hour,1998.0,https://boxd.it/27pU,4.0,2109.0,"Action, Comedy, Crime","When Hong Kong Inspector Lee is summoned to Los Angeles to investigate a kidnapping, the FBI doesn't want any outside help and assigns cocky LAPD Detective James Carter to distract Lee from the case. Not content to watch the action from the sidelines, Lee and Carter form an unlikely partnership and investigate the case themselves.",,,,/nwPhAsfnb7f46bZkWLG7IRP5HXr.jpg,/9FrpAtF87VKblKkDEiIZzYgO40K.jpg
2025-05-01,Baby's Day Out,1994.0,https://boxd.it/1Ume,4.0,11212.0,"Comedy, Adventure, Family, Crime","Baby Bink couldn't ask for more: he has adoring (if somewhat sickly-sweet) parents, lives in a huge mansion, and he's just about to appear in the social pages of the paper. Unfortunately, not everyone in the world is as nice as Baby Bink's parents—especially the three enterprising kidnappers who pretend to be photographers from the newspaper. Successfully kidnapping Baby Bink, they have a harder time keeping hold of the rascal, who not only keeps one step ahead of them, but seems to be more than a little bit smarter than the three bumbling criminals.",,,,/21U2jwl36hoTHsXB3fDuIQkcchu.jpg,/7bDfeFS4utVf2LNN5lr2pnVgRTb.jpg
2025-05-01,Chaplin,1992.0,https://boxd.it/1WgW,4.0,10435.0,Drama,"An aged Charlie Chaplin narrates his life to his autobiography's editor, including his rise to wealth and comedic fame from poverty, his turbulent personal life and his run-ins with the FBI.",,,,/yEbD5ibsuZOZF522bb3RXtOYg35.jpg,/qjKUUw2AhUZnbEzQIOjAN3chjeE.jpg
2025-05-01,Airplane II: The Sequel,1982.0,https://boxd.it/26uu,2.5,2665.0,Comedy,"A faulty computer causes a passenger space shuttle to head straight for the sun, and man-with-a-past Ted Striker must save the day and get the shuttle back on track – again – all the while trying to patch up his relationship with Elaine.",,,,/zs7Pjyabt0fwe2XqIx0gnF9Q4np.jpg,/mtRGjKv3ky39BGXfwJDwoKumVIT.jpg
2025-05-01,Witch's Cradle,1944.0,https://boxd.it/KLm,3.0,47425.0,"Fantasy, Horror","The surrealist film shows repetitive imagery involving a string fashioned in a bizarre, almost spiderweb-like pattern over the hands of several individuals, most notably an unnamed young woman and an elderly gentleman. The film also shows a shadowy darkness and people filmed at odd angles, an exposed human heart, and other occult symbols and ritualistic imagery which evokes an unsettling and dream-like aura. Considered an unfinished film.",,,,/uN6XtnX0L8tC2WkvbqMhcz4RE3r.jpg,/sGf2w0AtxFE3j3yqCyMM6bUrzmC.jpg
2025-04-29,Brett Goldstein: The Second Best Night of Your Life,2025.0,https://boxd.it/TMiG,2.5,1451815.0,Comedy,"Emmy-winning actor, writer, and comedian Brett Goldstein brings his irresistible charm and quick wit stateside for his first HBO stand-up special. Best known for the hit shows ""Ted Lasso"" and ""Shrinking"", Goldstein sheds his testy Roy Kent façade to share his hilarious insights on love, sex, masculinity, ""Sesame Street"", and everything in between.",,,,/aWVT2RDf0DNorRq0felYfsUbL3t.jpg,/45qTHpgtT37cjPLpUJ8vdDd4WoR.jpg
2025-04-29,Doodlebug,2021.0,https://boxd.it/OhHg,3.0,1317910.0,,A young man is tormented by a mysterious creature in his bedroom. Its eventual capture later becomes a personal revelation.,,,,/2LGlPiyIZo45tPHEcYwRahUn4La.jpg,
2025-04-29,The Sorcerer's Apprentice,2010.0,https://boxd.it/1sGg,3.0,27022.0,"Fantasy, Adventure, Action","Balthazar Blake is a master sorcerer in modern-day Manhattan trying to defend the city from his arch-nemesis, Maxim Horvath. Balthazar can't do it alone, so he recruits Dave Stutler, a seemingly average guy who demonstrates hidden potential, as his reluctant protégé. The sorcerer gives his unwilling accomplice a crash course in the art and science of magic, and together, these unlikely partners work to stop the forces of darkness.",,,,/b5pIUsGll0418NyfNA5eYCI9aoK.jpg,/mtrfLUfUoQunolDhmQy0GfbRclC.jpg
2025-04-29,The Girl Next Door,2004.0,https://boxd.it/1VSq,2.5,10591.0,"Comedy, Romance","Exceptionally ambitious high schooler Matthew has aspirations for a career in politics when he falls in love with his gorgeous 19-year-old neighbor, Danielle. But Matthew's bright future is jeopardized when he finds Danielle was once a porn star. As Danielle's past catches up with her, Matthew's love for her forces him to re-evaluate his goals.",,,,/5mVyFHSY2rSsNgD4NfEwV82HigU.jpg,/qvcOovScPoRalRxDy50rYSYFree.jpg
2025-04-28,Aladdin,2019.0,https://boxd.it/eSjy,3.5,420817.0,"Adventure, Fantasy, Romance, Family",A kindhearted street urchin named Aladdin embarks on a magical adventure after finding a lamp that releases a wisecracking genie while a power-hungry Grand Vizier vies for the same lamp that has the power to make their deepest wishes come true.,,,,/ykUEbfpkf8d0w49pHh0AD2KrT52.jpg,/rVqY0Bo4Npf6EIONUROxjYAJfmD.jpg
2025-04-28,Men in Black: International,2019.0,https://boxd.it/hdJw,2.5,479455.0,"Comedy, Science Fiction, Action, Adventure","The Men in Black have always protected the Earth from the scum of the universe. In this new adventure, they tackle their biggest, most global threat to date: a mole in the Men in Black organization.",,,,/dPrUPFcgLfNbmDL8V69vcrTyEfb.jpg,/uK9uFbAwQ1s2JHKkJ5l0obPTcXI.jpg
2025-04-28,Men in Black 3,2012.0,https://boxd.it/103U,3.5,41154.0,"Action, Comedy, Science Fiction","Agents J and K are back...in time. J has seen some inexplicable things in his 15 years with the Men in Black, but nothing, not even aliens, perplexes him as much as his wry, reticent partner. But when K's life and the fate of the planet are put at stake, Agent J will have to travel back in time to put things right. J discovers that there are secrets to the universe that K never told him - secrets that will reveal themselves as he teams up with the young Agent K to save his partner, the agency, and the future of humankind.",,,,/90DdoEStzeObs96fsYf4GG544iN.jpg,/5AhpUb8CAP0jZ4Wrn7AsRUYjZxB.jpg
2025-04-28,Hitch,2005.0,https://boxd.it/205o,3.0,8488.0,"Comedy, Drama, Romance","Dating coach Alex 'Hitch' Hitchens mentors a bumbling client, Albert, who hopes to win the heart of the glamorous Allegra Cole. While Albert makes progress, Hitch faces his own romantic setbacks when proven techniques fail to work on Sara Melas, a tabloid reporter digging for dirt on Allegra Cole's love life. When Sara discovers Hitch's connection to Albert – now Allegra's boyfriend – it threatens to destroy both relationships.",,,,/x3W9H3nhGQbWSlyI8Amp2F6Z6cz.jpg,/a6tIX4fGgp60w2d9pqYRbFM91ne.jpg
2025-04-28,Men in Black II,2002.0,https://boxd.it/2a0y,4.0,608.0,"Action, Comedy, Science Fiction","Kay and Jay reunite to provide our best, last and only line of defense against a sinister seductress who levels the toughest challenge yet to the MIB's untarnished mission statement – protecting Earth from the scum of the universe. It's been four years since the alien-seeking agents averted an intergalactic disaster of epic proportions. Now it's a race against the clock as Jay must convince Kay – who not only has absolutely no memory of his time spent with the MIB, but is also the only living person left with the expertise to save the galaxy – to reunite with the MIB before the earth submits to ultimate destruction.",,,,/enA22EPyzc2WQ1VVyY7zxresQQr.jpg,/o1l6OCqA3pYDZHIc5L1s7CEzCMv.jpg
2025-04-28,Men in Black,1997.0,https://boxd.it/2a0I,4.0,607.0,"Action, Adventure, Comedy, Science Fiction","After a police chase with an otherworldly being, a New York City cop is recruited as an agent in a top-secret organization established to monitor and police alien activity on Earth: the Men in Black. Agent K and new recruit Agent J find themselves in the middle of a deadly plot by an intergalactic terrorist who has arrived on Earth to assassinate two ambassadors from opposing galaxies.",,,,/uLOmOF5IzWoyrgIF5MfUnh5pa1X.jpg,/o9puyKpayQoX8ikIaYtf2PfKv3.jpg
2025-04-27,Popeye the Slayer Man,2025.0,https://boxd.it/RpDi,1.5,1388366.0,Horror,"A curious group of friends sneak into an abandoned spinach canning factory to film a documentary on the legend of the ""Sailor Man,"" who is said to haunt the factory and local docks.",,,,/nVwu3mN7hr1yF467pGct3yQFM41.jpg,/xkjWiRQtrenqGRWO2Enry2JIl4d.jpg
2025-04-27,Road House,2024.0,https://boxd.it/cdzQ,3.0,359410.0,"Action, Thriller","Ex-UFC fighter Dalton takes a job as a bouncer at a Florida Keys roadhouse, only to discover that this paradise is not all it seems.",,,,/fDEdtS4P0gJsxHDIt8dG8TR5dx1.jpg,/clFFCapyGpE7KD4Jsu5pUbFBZF4.jpg
2025-04-27,Gully Boy,2019.0,https://boxd.it/hHXo,3.5,491625.0,"Drama, Music",A coming-of-age story based on the lives of street rappers in Mumbai.,,,,/4RE7TD5TqEXbPKyUHcn7CSeMlrJ.jpg,/gcZbciueHH7WmD03GcVZX7LYqmR.jpg
2025-04-27,Night at the Museum: Secret of the Tomb,2014.0,https://boxd.it/5x3m,3.5,181533.0,"Adventure, Comedy, Fantasy, Family","When the magic powers of The Tablet of Ahkmenrah begin to die out, Larry Daley spans the globe, uniting favorite and new characters while embarking on an epic quest to save the magic before it is gone forever.",,,,/xwgy305K6qDs3D20xUO4OZu1HPY.jpg,/1ClgfKeczI0d0KKuBs5qSIqUReT.jpg
2025-04-27,Source Code,2011.0,https://boxd.it/fdo,4.0,45612.0,"Thriller, Science Fiction, Mystery","When decorated soldier Captain Colter Stevens wakes up in the body of an unknown man, he discovers he's part of a mission to find the bomber of a Chicago commuter train.",,,,/nTr0lvAzeQmUjgSgDEHTJpnrxTz.jpg,/s2Cu1y9Al9RbwRU5blAH8wMCrBI.jpg
2025-04-27,Black Swan,2010.0,https://boxd.it/Sw0,4.5,44214.0,"Drama, Thriller, Horror","A committed dancer struggles to maintain her sanity after winning the lead role in a production of Tchaikovsky's ""Swan Lake"".",,,,/viWheBd44bouiLCHgNMvahLThqx.jpg,/eDLp4uFdqP1gpy9oMrutwH6Q64I.jpg
2025-04-27,Night at the Museum: Battle of the Smithsonian,2009.0,https://boxd.it/1H7U,4.0,18360.0,"Adventure, Fantasy, Action, Comedy, Family","Hapless museum night watchman Larry Daley must help his living, breathing exhibit friends out of a pickle now that they've been transferred to the archives at the Smithsonian Institution. Larry's (mis)adventures this time include close encounters with Amelia Earhart, Abe Lincoln and Ivan the Terrible.",,,,/l9yAQn6TyrA3gv5xZZkiMMoZsiw.jpg,/zdhICEDUlBTQ43fQMa2KJt8fDFX.jpg
2025-04-27,Hancock,2008.0,https://boxd.it/1Zv6,3.5,8960.0,"Fantasy, Action","Hancock is a down-and-out superhero who's forced to employ a PR expert to help repair his image when the public grows weary of all the damage he's inflicted during his lifesaving heroics. The agent's idea of imprisoning the antihero to make the world miss him proves successful, but will Hancock stick to his new sense of purpose or slip back into old habits?",,,,/7DyuV2G0hLEqHeueDfOqhZ2DVut.jpg,/xh0ZRdnL4pSqfW73HBf97xiNEFP.jpg
2025-04-27,Night at the Museum,2006.0,https://boxd.it/28wi,4.0,1593.0,"Action, Adventure, Comedy, Family, Fantasy","Chaos reigns at the natural history museum when night watchman Larry Daley accidentally stirs up an ancient curse, awakening Attila the Hun, an army of gladiators, a Tyrannosaurus rex and other exhibits.",,,,/pDsAAYf6Zn0yiAGJ6lYGs6hoZ4E.jpg,/1ZVlzOBYCggLzvVYHK7Im6LohjC.jpg
2025-04-25,Rare shorts,,https://letterboxd.com/sarthi_watcher/list/rare-shorts/,3.0,140495.0,,Zany flying in biplanes of the era.,Nate Watt,"Vince Barnett, John T. Murray, Frank Clarke",,,
2025-04-24,Red One,2024.0,https://boxd.it/vTBM,2.0,845781.0,"Action, Comedy, Fantasy","After Santa Claus (codename: Red One) is kidnapped, the North Pole's Head of Security must team up with the world's most infamous tracker in a globe-trotting, action-packed mission to save Christmas.",,,,/cdqLnri3NEGcmfnqwk2TSIYtddg.jpg,/rOmUuQEZfPXglwFs5ELLLUDKodL.jpg
2025-04-24,Tetris,2023.0,https://boxd.it/rePK,4.0,726759.0,"Thriller, History, Drama","In 1988, American video game salesman Henk Rogers discovers the video game Tetris. When he sets out to bring the game to the world, he enters a dangerous web of lies and corruption behind the Iron Curtain.",,,,/4F2QwCOYHJJjecSvdOjStuVLkpu.jpg,/4avmIRBBOs9b4DKoenf8SWWJJP7.jpg
2025-04-24,Red Notice,2021.0,https://boxd.it/ixtq,2.5,512195.0,"Action, Comedy, Crime","An Interpol-issued Red Notice is a global alert to hunt and capture the world's most wanted. But when a daring heist brings together the FBI's top profiler and two rival criminals, there's no telling what will happen.",,,,/lAXONuqg41NwUMuzMiFvicDET9Y.jpg,/p34WRcgkN2QIHcds5FtFiSpV3PC.jpg
2025-04-24,Jumanji: Welcome to the Jungle,2017.0,https://boxd.it/bUeE,3.0,353486.0,"Adventure, Comedy, Fantasy, Action","Four teenagers in detention discover an old video game console with a game they’ve never heard of. When they decide to play, they are immediately sucked into the jungle world of Jumanji in the bodies of their avatars. They’ll have to complete the adventure of their lives filled with fun, thrills and danger or be stuck in the game forever!",,,,/pSgXKPU5h6U89ipF7HBYajvYt7j.jpg,/zZKmEmRDc7ZjFucPm2UGNgDRlDc.jpg
2025-04-24,Grown Ups 2,2013.0,https://boxd.it/3GAq,3.5,109418.0,Comedy,"Lenny has relocated his family back to the small town where he and his friends grew up. This time around, the grown ups are the ones learning lessons from their kids on a day notoriously full of surprises—the last day of school.",,,,/hT6ijOtjtYrnyDhN7VA2QWyGFAm.jpg,/7JhsJxNmdW0y4IyNrHy10cECrAz.jpg
2025-04-24,Ted,2012.0,https://boxd.it/2pgc,4.0,72105.0,"Comedy, Fantasy","John Bennett, a man whose childhood wish of bringing his teddy bear to life came true, now must decide between keeping the relationship with the bear or his girlfriend, Lori.",,,,/1QVZXQQHCEIj8lyUhdBYd2qOYtq.jpg,/hkAVgWvAMmM8tj9CDEvGqMdNQBE.jpg
2025-04-24,Grown Ups,2010.0,https://boxd.it/169a,4.0,38365.0,Comedy,"After their high school basketball coach passes away, five good friends and former teammates reunite for a Fourth of July holiday weekend.",,,,/cQGM5k1NtU85n4TUlrOrwijSCcm.jpg,/kARonxQpuSZdFraTKlCThWOBCtu.jpg
2025-04-24,Get Smart,2008.0,https://boxd.it/1Tig,3.5,11665.0,"Action, Comedy, Thriller","When members of the nefarious crime syndicate KAOS attack the U.S. spy agency Control and the identities of secret agents are compromised, the Chief has to promote hapless but eager analyst Maxwell Smart to field agent. He is partnered with veteran and capable Agent 99, the only spy whose cover remains intact. Can they work together to thwart the evil world-domination plans of KAOS and its crafty operative?",,,,/sZUjbtUS8qxXp4mj90evnqPJqX7.jpg,/AfqYmTA3JUsyrFAVHoFyjyjG3Vl.jpg
2025-04-24,Doodlebug,1997.0,https://boxd.it/TZC,3.5,43629.0,Horror,There's something in his apartment. A man looking for an insect-like thing devolves into a bout of insanity as his subconscious mind begins to strangle his waking one.,,,,/cXDFFv6yZNW3vUHOKKUPJNnL0So.jpg,/t1NlvLU5xJamUTPVwnWi2o9nR76.jpg
2025-04-24,Tarantella,1989.0,https://boxd.it/uhUa,2.5,804706.0,Horror,"""Tarantella"" was an early Super 8 short film directed by Christopher Nolan with his childhood friend Roko Belic. It was made in 1989 while Nolan was studying at University College London. The film aired on ""Image Union,"" a PBS programme in Chicago.  It is about the suffering of a young man while he has nightmare about spiders and demons.",,,,/eqFhruWEIRwjkvqgJN48VPuR50Q.jpg,
2025-04-24,The Witch's Cat,1929.0,https://boxd.it/knvK,2.0,557151.0,Animation,Snap the Gingerbread Man attracts some unwanted attention from an enchanted cat.,,,,/yij9Or5LaQaMTFmAneMLBoTgmIL.jpg,
2025-04-24,A Doodlebug Elopement,1928.0,https://boxd.it/zEd4,2.5,944769.0,Animation,Mr. Bug and his girl elope after Dad tries to enforce curfew.  Part of the Daffy Doings in Doodlebugville series from 1928.,,,,,
2025-04-24,Mermaid,1910.0,https://boxd.it/5Lvu,3.0,190782.0,"Fantasy, Drama","""Rusalka"" or ""Mermaid"" based on Pushkin, an opera by Dargomizhsky, and other sources: A prince and a miller's daughter have been involved in a romance together, but now the prince tells her that he must break it off. After the prince leaves, the distraught young woman attempts to drown herself. When the prince's wedding day arrives, he is tormented by her image, which appears wherever he goes. Eventually, he is compelled to return and to try to find out what happened to her, regardless of the consequences.",,,,/O8THTBI8eAnpzACoQbFSIn66U5.jpg,
2025-04-22,Space Jam: A New Legacy,2021.0,https://boxd.it/dd9A,2.5,379686.0,"Family, Comedy, Adventure, Animation, Science Fiction","When LeBron and his young son Dom are trapped in a digital space by a rogue A.I., LeBron must get them home safe by leading Bugs, Lola Bunny and the whole gang of notoriously undisciplined Looney Tunes to victory over the A.I.'s digitized champions on the court. It's Tunes versus Goons in the highest-stakes challenge of his life.",,,,/5bFK5d3mVTAvBCXi5NPWH0tYjKl.jpg,/8s4h9friP6Ci3adRGahHARVd76E.jpg
2025-04-22,The Martian,2015.0,https://boxd.it/8SeG,4.5,286217.0,"Drama, Adventure, Science Fiction","During a manned mission to Mars, Astronaut Mark Watney is presumed dead after a fierce storm and left behind by his crew. But Watney has survived and finds himself stranded and alone on the hostile planet. With only meager supplies, he must draw upon his ingenuity, wit and spirit to subsist and find a way to signal to Earth that he is alive.",,,,/fASz8A0yFE3QB6LgGoOfwvFSseV.jpg,/lzMS0CI3FLQYC5EgJoWeIaEt0lm.jpg
2025-04-22,Creed,2015.0,https://boxd.it/a2qk,3.5,312221.0,Drama,"The former World Heavyweight Champion Rocky Balboa serves as a trainer and mentor to Adonis Johnson, the son of his late friend and former rival Apollo Creed.",,,,/1BfTsk5VWuw8FCocAhCyqnRbEzq.jpg,/kODNw6GJNdgldUMEhKPlCw8wQCr.jpg
2025-04-22,The Curious Case of Benjamin Button,2008.0,https://boxd.it/23Fk,4.5,4922.0,"Drama, Fantasy, Romance","Born under unusual circumstances, Benjamin Button springs into being as an elderly man in a New Orleans nursing home and ages in reverse. Twelve years after his birth, he meets Daisy, a child who flits in and out of his life as she grows up to be a dancer. Though he has all sorts of unusual adventures over the course of his life, it is his relationship with Daisy, and the hope that they will come together at the right time, that drives Benjamin forward.",,,,/26wEWZYt6yJkwRVkjcbwJEFh9IS.jpg,/2fswjyrY3GEzeoVn6mF8pNeNcgf.jpg
2025-04-22,Gladiator,2000.0,https://boxd.it/2b9m,4.5,98.0,"Action, Drama, Adventure","After the death of Emperor Marcus Aurelius, his devious son takes power and demotes Maximus, one of Rome's most capable generals who Marcus preferred. Eventually, Maximus is forced to become a gladiator and battle to the death against other men for the amusement of paying audiences.",,,,/wN2xWp1eIwCKOD0BHTcErTBv1Uq.jpg,/jhk6D8pim3yaByu1801kMoxXFaX.jpg
2025-04-21,Minnal Murali,2021.0,https://boxd.it/osLw,3.5,657644.0,"Action, Comedy, Fantasy",A tailor gains special powers after being struck by lightning but must take down an unexpected foe if he is to become the superhero his hometown in Kerala needs.,,,,/efetKFDyptrRpoHBb103Tg3Auw5.jpg,/3la3qXbP1LNG3fV072uK2UkuZ9H.jpg
2025-04-21,Ghostbusters: Afterlife,2021.0,https://boxd.it/f4Pw,2.5,425909.0,"Fantasy, Comedy, Adventure","When single mom Callie and her two kids Trevor and Phoebe arrive in a small Oklahoma town, they begin to discover their connection to the original Ghostbusters and the secret legacy their grandfather left behind.",,,,/sg4xJaufDiQl7caFEskBtQXfD4x.jpg,/EnDlndEvw6Ptpp8HIwmRcSSNKQ.jpg
2025-04-21,Us,2019.0,https://boxd.it/gnV6,4.5,458723.0,"Horror, Mystery","Husband and wife Gabe and Adelaide Wilson take their kids to their beach house expecting to unplug and unwind with friends. But as night descends, their serenity turns to tension and chaos when some shocking visitors arrive uninvited.",,,,/ux2dU1jQ2ACIMShzB3yP93Udpzc.jpg,/sC0b8iPUHfZdD8kseLiHw3N8gkp.jpg
2025-04-21,The Angry Birds Movie 2,2019.0,https://boxd.it/gdL6,3.0,454640.0,"Animation, Adventure, Comedy, Family","Red, Chuck, Bomb and the rest of their feathered friends are surprised when a green pig suggests that they put aside their differences and unite to fight a common threat. Aggressive birds from an island covered in ice are planning to use an elaborate weapon to destroy the fowl and swine.",,,,/ebe8hJRCwdflNQbUjRrfmqtUiNi.jpg,/tTVjF5q63fli9ecSg5L9ljHibKJ.jpg
2025-04-21,Pokémon Detective Pikachu,2019.0,https://boxd.it/fVA0,3.0,447404.0,"Action, Adventure, Fantasy","In a world where people collect pocket-size monsters (Pokémon) to do battle, a boy comes across an intelligent monster who seeks to be a detective.",,,,/uhWvnFgg3BNlcUz0Re1HfQqIcCD.jpg,/yXybBEC45p84D0Ky7GmQQYrclVr.jpg
2025-04-21,Jumanji: The Next Level,2019.0,https://boxd.it/ixu4,2.5,512200.0,"Adventure, Comedy, Fantasy","As the gang return to Jumanji to rescue one of their own, they discover that nothing is as they expect. The players will have to brave parts unknown and unexplored in order to escape the world’s most dangerous game.",,,,/jyw8VKYEiM1UDzPB7NsisUgBeJ8.jpg,/qgch2rFskIxDMgwrD5lWTaB4nBl.jpg
2025-04-21,Black Panther,2018.0,https://boxd.it/8MHs,4.5,284054.0,"Action, Adventure, Science Fiction","King T'Challa returns home to the reclusive, technologically advanced African nation of Wakanda to serve as his country's new leader. However, T'Challa soon finds that he is challenged for the throne by factions within his own country as well as without. Using powers reserved to Wakandan kings, T'Challa assumes the Black Panther mantle to join with ex-girlfriend Nakia, the queen-mother, his princess-kid sister, members of the Dora Milaje (the Wakandan 'special forces') and an American secret agent, to prevent Wakanda from being dragged into a world war.",,,,/uxzzxijgPIY7slzFvMotPv8wjKA.jpg,/b6ZJZHUdMEFECvGiDpJjlfUWela.jpg
2025-04-21,Incredibles 2,2018.0,https://boxd.it/7IPg,4.0,260513.0,"Action, Adventure, Animation, Family","Elastigirl springs into action to save the day, while Mr. Incredible faces his greatest challenge yet – taking care of the problems of his three children.",,,,/9lFKBtaVIhP7E2Pk0IY1CwTKTMZ.jpg,/mabuNsGJgRuCTuGqjFkWe1xdu19.jpg
2025-04-21,Aquaman,2018.0,https://boxd.it/9ru0,3.0,297802.0,"Action, Adventure, Fantasy","Half-human, half-Atlantean Arthur Curry is taken on the journey of his lifetime to discover if he is worth of being a king.",,,,/ufl63EFcc5XpByEV2Ecdw6WJZAI.jpg,/9QusGjxcYvfPD1THg6oW3RLeNn7.jpg
2025-04-21,Johnny English Strikes Again,2018.0,https://boxd.it/gzGW,3.0,463272.0,"Action, Adventure, Comedy","Disaster strikes when a criminal mastermind reveals the identities of all active undercover agents in Britain. The secret service can now rely on only one man - Johnny English. Currently teaching at a minor prep school, Johnny springs back into action to find the mysterious hacker. For this mission to succeed, he’ll need all of his skills - what few he has - as the man with yesterday’s analogue methods faces off against tomorrow’s digital technology.",,,,/tCBxnZwLiY1BOKw3tH6AxHZdqPh.jpg,/qw6nuv56NW1JqzMoONlM84Iciwz.jpg
2025-04-21,A Wrinkle in Time,2018.0,https://boxd.it/el46,2.5,407451.0,"Adventure, Science Fiction, Family, Fantasy","After the disappearance of her scientist father, three peculiar beings send Meg, her brother, and her friend to space in order to find him.",,,,/yAcb58vipewa1BfNit2RjE6boXA.jpg,/mx6zzr2H34fXMsBmL2it8NsmKF1.jpg
2025-04-21,The Meg,2018.0,https://boxd.it/bAL4,1.5,345940.0,"Action, Science Fiction, Horror","A deep sea submersible pilot revisits his past fears in the Mariana Trench, and accidentally unleashes the seventy foot ancestor of the Great White Shark believed to be extinct.",,,,/eyWICPcxOuTcDDDbTMOZawoOn8d.jpg,/ibKeXahq4JD63z6uWQphqoJLvNw.jpg
2025-04-21,Logan,2017.0,https://boxd.it/7Piy,5.0,263115.0,"Action, Drama, Science Fiction","In the near future, a weary Logan cares for an ailing Professor X in a hideout on the Mexican border. But Logan's attempts to hide from the world and his legacy are upended when a young mutant arrives, pursued by dark forces.",,,,/fnbjcRDYn6YviCcePDnGdyAkYsB.jpg,/qTdCfGyDisY9e8BLycszlyTsPWx.jpg
2025-04-21,Baby Driver,2017.0,https://boxd.it/bhF2,4.0,339403.0,"Action, Crime","After being coerced into working for a crime boss, a young getaway driver finds himself taking part in a heist doomed to fail.",,,,/tYzFuYXmT8LOYASlFCkaPiAFAl0.jpg,/yir5430WblZSZuIMd9C6pIZerfA.jpg
2025-04-21,The Boss Baby,2017.0,https://boxd.it/9mfO,3.5,295693.0,"Animation, Comedy, Family","A story about how a new baby's arrival impacts a family, told from the point of view of a delightfully unreliable narrator, a wildly imaginative 7 year old named Tim.",,,,/9MsQJKe4cUAGxc7R2NGaFQLqOPc.jpg,/4IrZC1uuaDpGScO4TDyEe4E4bq2.jpg
2025-04-21,Cars 3,2017.0,https://boxd.it/7IPq,3.5,260514.0,"Animation, Adventure, Comedy, Drama, Family","Blindsided by a new generation of blazing-fast racers, the legendary Lightning McQueen is suddenly pushed out of the sport he loves. To get back in the game, he will need the help of an eager young race technician with her own plan to win, inspiration from the late Fabulous Hudson Hornet, and a few unexpected turns.",,,,/zg5RDxvIIAKsucjuU2EZJIHEIvz.jpg,/4mlS1MitcOqdPLhxEFyk9Qwf5rr.jpg
2025-04-21,Wonder Woman,2017.0,https://boxd.it/9roG,3.0,297762.0,"Action, Adventure, Fantasy",An Amazon princess comes to the world of Man in the grips of the First World War to confront the forces of evil and bring an end to human conflict.,,,,/v4ncgZjG2Zu8ZW5al1vIZTsSjqX.jpg,/AaABt75ZzfMGrscUR2seabz4PEX.jpg
2025-04-21,Baywatch,2017.0,https://boxd.it/biG6,2.0,339846.0,"Comedy, Action, Crime","Devoted lifeguard Mitch Buchannon butts heads with a brash new recruit. Together, they uncover a local criminal plot that threatens the future of the Bay.",,,,/6HE4xd8zloDqmjMZuhUCCw2UcY1.jpg,/6QmX2BDVr1hIOIPHqnxvp1C1ZZp.jpg
2025-04-21,Doctor Strange,2016.0,https://boxd.it/8MH8,4.5,284052.0,"Fantasy, Adventure, Action","After his career is destroyed, a brilliant but arrogant surgeon gets a new lease on life when a sorcerer takes him under her wing and trains him to defend the world against evil.",,,,/uGBVj3bEbCoZbDjjl9wTxcygko1.jpg,/kkoiH8ZWxJ9WSAjOadGtuHUQxbm.jpg
2025-04-21,The Nice Guys,2016.0,https://boxd.it/94Hg,4.5,290250.0,"Comedy, Crime, Action",A private eye investigates the apparent suicide of a fading porn star in 1970s Los Angeles and uncovers a conspiracy.,,,,/clq4So9spa9cXk3MZy2iMdqkxP2.jpg,/yxYUN3fBPJdTNdXC1l8L24XFPhX.jpg
2025-04-21,Kung Fu Panda 3,2016.0,https://boxd.it/4uRQ,3.5,140300.0,"Animation, Action, Adventure, Comedy, Family","While Po and his father are visiting a secret panda village, an evil spirit threatens all of China, forcing Po to form a ragtag army to fight back.",,,,/oajNi4Su39WAByHI6EONu8G8HYn.jpg,/s3FiHTdpQVpqIqdBxLLiy40wGut.jpg
2025-04-21,The Jungle Book,2016.0,https://boxd.it/8wjk,3.5,278927.0,"Family, Adventure, Fantasy","A man-cub named Mowgli fostered by wolves. After a threat from the tiger Shere Khan, Mowgli is forced to flee the jungle, by which he embarks on a journey of self discovery with the help of the panther, Bagheera and the free-spirited bear, Baloo.",,,,/2Epx7F9X7DrFptn4seqn4mzBVks.jpg,/8oYykF1Qhrb8fC2qZqD71EzRywg.jpg
2025-04-21,Now You See Me 2,2016.0,https://boxd.it/99fw,3.5,291805.0,"Thriller, Crime","One year after outwitting the FBI and winning the public’s adulation with their mind-bending spectacles, the Four Horsemen resurface only to find themselves face to face with a new enemy who enlists them to pull off their most dangerous heist yet.",,,,/A81kDB6a1K86YLlcOtZB27jriJh.jpg,/oFQilRMEq6yQbtMPxIYWpXeQ5ZN.jpg
2025-04-21,The Angry Birds Movie,2016.0,https://boxd.it/4PBu,3.5,153518.0,"Animation, Adventure, Comedy, Family","An island populated entirely by happy, flightless birds or almost entirely. In this paradise, Red, a bird with a temper problem, speedy Chuck, and the volatile Bomb have always been outsiders. But when the island is visited by mysterious green piggies, it’s up to these unlikely outcasts to figure out what the pigs are up to.",,,,/iOH0fEFtV9z9rZp9zmBFGGeWicv.jpg,/o4mhrLxv6I70kvYA42qANGUF7ya.jpg
2025-04-21,Central Intelligence,2016.0,https://boxd.it/9DFE,3.5,302699.0,"Action, Comedy","Calvin Joyner, a mild-mannered accountant whose high school glory days are long behind him, reconnects with an awkward pal from high school through Facebook. After meeting up, Calvin’s mundane life takes an unexpectedly thrilling turn when he's thrust into the world of international espionage.",,,,/hXQVMbRNpf7c93e8clMY4W5DRm6.jpg,/12gfRwL8RuZUQ4kiGzq9kRYBK5J.jpg
2025-04-21,Spy,2015.0,https://boxd.it/71Ks,4.0,238713.0,"Action, Comedy, Crime","A desk-bound CIA analyst volunteers to go undercover to infiltrate the world of a deadly arms dealer, and prevent diabolical global disaster.",,,,/vPBmfMHxQvRRNGYD5S5ko2KnX56.jpg,/eHEGPHKHTVhWdXzBQcrTATz9M0I.jpg
2025-04-21,Home,2015.0,https://boxd.it/6JxA,3.5,228161.0,"Fantasy, Comedy, Animation, Science Fiction, Family","When Earth is taken over by the overly-confident Boov, an alien race in search of a new place to call home, all humans are promptly relocated, while all Boov get busy reorganizing the planet. But when one resourceful girl, Tip, manages to avoid capture, she finds herself the accidental accomplice of a banished Boov named Oh. The two fugitives realize there’s a lot more at stake than intergalactic relations as they embark on the road trip of a lifetime.",,,,/usFenYnk6mr8C62dB1MoAfSWMGR.jpg,/gnkBzJVH2zicIopP2fHf4kRElne.jpg
2025-04-21,The Boy Next Door,2015.0,https://boxd.it/75Wi,3.0,241251.0,Thriller,"A recently cheated on married woman falls for a younger man who has moved in next door, but their torrid affair soon takes a dangerous turn.",,,,/gicmSeLG6Uh7BF1r1mxZHUQ8r26.jpg,/96iXwJibeNW9RGEa58zYa0SQV6m.jpg
2025-04-21,Big Hero 6,2014.0,https://boxd.it/5rje,4.5,177572.0,"Adventure, Family, Animation, Action, Comedy","A special bond develops between plus-sized inflatable robot Baymax, and prodigy Hiro Hamada, who team up with a group of friends to form a band of high-tech heroes.",,,,/2mxS4wUimwlLmI1xp6QW6NSU361.jpg,/4s2d3xdyqotiVNHTlTlJjrr3q0H.jpg
2025-04-21,Lucy,2014.0,https://boxd.it/75hu,4.5,240832.0,"Action, Science Fiction","A woman, accidentally caught in a dark deal, turns the tables on her captors and transforms into a merciless warrior evolved beyond human logic.",,,,/kRbpUTRNm6QbLQFPFWUcNC4czEm.jpg,/1hzH1Wu2xhXBNOWzw3RMwNTJX5q.jpg
2025-04-21,Captain America: The Winter Soldier,2014.0,https://boxd.it/3r58,4.0,100402.0,"Action, Adventure, Science Fiction","After the cataclysmic events in New York with The Avengers, Steve Rogers, aka Captain America is living quietly in Washington, D.C. and trying to adjust to the modern world. But when a S.H.I.E.L.D. colleague comes under attack, Steve becomes embroiled in a web of intrigue that threatens to put the world at risk. Joining forces with the Black Widow, Captain America struggles to expose the ever-widening conspiracy while fighting off professional assassins sent to silence him at every turn. When the full scope of the villainous plot is revealed, Captain America and the Black Widow enlist the help of a new ally, the Falcon. However, they soon find themselves up against an unexpected and formidable enemy—the Winter Soldier.",,,,/tVFRpFw3xTedgPGqxW0AOI8Qhh0.jpg,/1RWLMyC9KcFfcaoViMiJGSSZzzr.jpg
2025-04-21,22 Jump Street,2014.0,https://boxd.it/5Fvy,3.5,187017.0,"Crime, Comedy, Action","After making their way through high school (twice), big changes are in store for officers Schmidt and Jenko when they go deep undercover at a local college. But when Jenko meets a kindred spirit on the football team, and Schmidt infiltrates the bohemian art major scene, they begin to question their partnership. Now they don't have to just crack the case - they have to figure out if they can have a mature relationship. If these two overgrown adolescents can grow from freshmen into real men, college might be the best thing that ever happened to them.",,,,/850chzYHYbT3IISl6Q7dbBuFP2B.jpg,/kdyYOwpKvvD2fSbwfnMM2YPAzfq.jpg
2025-04-21,300: Rise of an Empire,2014.0,https://boxd.it/xaC,2.0,53182.0,"Action, Drama, War","Greek general Themistocles attempts to unite all of Greece by leading the charge that will change the course of the war. Themistocles faces the massive invading Persian forces led by mortal-turned-god, Xerxes and Artemesia, the vengeful commander of the Persian navy.",,,,/wYDdWN1McB1Sio4z1dPSkb40Z78.jpg,/chjkfyo57JexWo1YeIZRMk8wA4m.jpg
2025-04-21,The Wolf of Wall Street,2013.0,https://boxd.it/3C1m,5.0,106646.0,"Crime, Drama, Comedy","A New York stockbroker refuses to cooperate in a large securities fraud case involving corruption on Wall Street, corporate banking world and mob infiltration. Based on Jordan Belfort's autobiography.",,,,/kW9LmvYHAaS9iA0tHmZVq8hQYoq.jpg,/7Nwnmyzrtd0FkcRyPqmdzTPppQa.jpg
2025-04-21,Now You See Me,2013.0,https://boxd.it/2Bsu,4.0,75656.0,"Thriller, Crime",An FBI agent and an Interpol detective track a team of illusionists who pull off bank heists during their performances and reward their audiences with the money.,,,,/tWsNYbrqy1p1w6K9zRk0mSchztT.jpg,/xEY0MV2jSQBz9iOJfCFvLTiPGMA.jpg
2025-04-21,Don Jon,2013.0,https://boxd.it/4sdk,3.5,138697.0,"Romance, Comedy, Drama","A New Jersey guy dedicated to his family, friends, and church, develops unrealistic expectations from watching porn and works to find happiness and intimacy with his potential true love.",,,,/uh8bwvgGXeUKzdL4oSul9zxyTcd.jpg,/4QBI1pdjr2hH1fgC8NqwZZnWNso.jpg
2025-04-21,Under the Skin,2013.0,https://boxd.it/3mDa,3.5,97370.0,"Thriller, Science Fiction, Drama",A seductive stranger prowls the streets of Glasgow in search of prey: unsuspecting men who fall under her spell.,,,,/55wmcXJIDYITr7JDijJTdvwSaAv.jpg,/eS5OdKN3kRZXQbWRSSCJ4Gh0z26.jpg
2025-04-21,Mama,2013.0,https://boxd.it/4i9s,3.0,132232.0,Horror,"Guillermo del Toro presents Mama, a supernatural thriller that tells the haunting tale of two little girls who disappeared into the woods the day that their parents were killed. When they are rescued years later and begin a new life, they find that someone or something still wants to come tuck them in at night.",,,,/eo8BhR8Q5STmWE9sMLsEPagxmy6.jpg,/cu3uaBqPORcfpKQWaIjA1GJbvEg.jpg
2025-04-21,21 Jump Street,2012.0,https://boxd.it/J0,4.0,64688.0,"Action, Comedy, Crime","When cops Schmidt and Jenko join the secret Jump Street unit, they use their youthful appearances to go undercover as high school students. They trade in their guns and badges for backpacks, and set out to shut down a dangerous drug ring. But, as time goes on, Schmidt and Jenko discover that high school is nothing like it was just a few years earlier -- and, what's more, they must again confront the teenage terror and anxiety they thought they had left behind.",,,,/8v3Sqv9UcIUC4ebmpKWROqPBINZ.jpg,/rXrpYOveFl76ivMmyb2612T7Q8w.jpg
2025-04-21,Grave Encounters 2,2012.0,https://boxd.it/4lpS,3.0,134366.0,Horror,"Tortured by the ghosts of the demonized insane asylum that killed the crew of GRAVE ENCOUNTERS, film students fight to escape death as their own paranormal investigation goes terribly wrong in this horrifying sequel.",,,,/uFnPfU54VlOc4Dxi0TYeSZaMxEI.jpg,/fNLVYtHuN3QsmG1B0F2xbFACwj7.jpg
2025-04-21,Cars 2,2011.0,https://boxd.it/H4Y,4.5,49013.0,"Animation, Family, Adventure, Comedy",Star race car Lightning McQueen and his pal Mater head overseas to compete in the World Grand Prix race. But the road to the championship becomes rocky as Mater gets caught up in an intriguing adventure of his own: international espionage.,,,,/okIz1HyxeVOMzYwwHUjH2pHi74I.jpg,/robYRZk9LxJTwD7GlZCginji5k.jpg
2025-04-21,Kung Fu Panda 2,2011.0,https://boxd.it/G36,4.0,49444.0,"Animation, Family, Comedy","Po is finally living the dream as the Dragon Warrior—until a dark secret from his past comes roaring back. When the ruthless peacock lord Shen unleashes a terrifying new weapon to wipe out kung fu itself, Po and the Furious Five race across China to put an end to his plans. But if Po is to have any hope of stopping him, he must first unravel the mystery of where he came from and come to terms with his trauma.",,,,/mtqqD00vB4PGRt20gWtGqFhrkd0.jpg,/reHkSQwiYKK4SabnGDY1FWKie82.jpg
2025-04-21,Grave Encounters,2011.0,https://boxd.it/D1G,4.0,50698.0,"Thriller, Horror",A crew from a paranormal reality television show lock themselves in a haunted psychiatric hospital. They search for evidence of paranormal activity as they shoot what ends up becoming their final episode.,,,,/8vnsB3Rg9Gb91UOaecXRb7dYB37.jpg,/mZdvVaC59aYRKKcl96hiia2nQp2.jpg
2025-04-21,Sherlock Holmes: A Game of Shadows,2011.0,https://boxd.it/k3S,3.5,58574.0,"Adventure, Action, Crime, Mystery","There is a new criminal mastermind at large (Professor Moriarty) and not only is he Holmes’ intellectual equal, but his capacity for evil and lack of conscience may give him an advantage over the  detective.",,,,/2HsHurlnTOyU6yUS14gY6BQCyRs.jpg,/lWNASscWXn32Asr9vkB1wq6cKvD.jpg
2025-04-21,Johnny English Reborn,2011.0,https://boxd.it/kQq,3.5,58233.0,"Crime, Action, Comedy","The most prominent heads of state in the world begin gathering for a conference that could have a major impact on global politics. When MI-7 receives word that the Chinese premier has become the target of some high-powered killers, it falls on Johnny English to save the day. Armed with the latest high-tech weaponry and gadgets that would make even James Bond jealous, the once-disgraced agent uncovers evidence of a massive conspiracy involving some of the world's most powerful organisations, and vows to redeem his tarnished reputation by stopping the killers before they can strike.",,,,/zDbrU0eSnRGh5gHc1iqTACTNNyT.jpg,/croOmkPszzl9p8ASq4NTYunFJ5E.jpg
2025-04-21,Captain America: The First Avenger,2011.0,https://boxd.it/28b0,3.5,1771.0,"Action, Adventure, Science Fiction","During World War II, Steve Rogers is a sickly man from Brooklyn who's transformed into super-soldier Captain America to aid in the war effort. Rogers must stop the Red Skull – Adolf Hitler's ruthless head of weaponry, and the leader of an organization that intends to use a mysterious device of untold powers for world domination.",,,,/vSNxAJTlD0r02V9sPYpOjqDZXUK.jpg,/yFuKvT4Vm3sKHdFY4eG6I4ldAnn.jpg
2025-04-21,Due Date,2010.0,https://boxd.it/YFs,4.0,41733.0,"Comedy, Drama","Peter Highman must scramble across the US in five days to be present for the birth of his first child. He gets off to a bad start when his wallet and luggage are stolen, and put on the 'no-fly' list. Peter embarks on a terrifying journey when he accepts a ride from an actor.",,,,/sBxWS09pOOyXZ0dcnqfqqCAQGan.jpg,/naV4PO7ftzNThYKGX44F8vRY2z3.jpg
2025-04-21,Love & Other Drugs,2010.0,https://boxd.it/UIi,4.0,43347.0,"Drama, Comedy, Romance","Maggie is an alluring free spirit who won't let anyone – or anything – tie her down. But she meets her match in Jamie, whose relentless and nearly infallible charm serves him well with the ladies and the cutthroat world of pharmaceutical sales. Maggie and Jamie's evolving relationship takes them both by surprise, as they find themselves under the influence of the ultimate drug: love.",,,,/wZLM2uKJRYNchLmiCIjosX0rXy8.jpg,/fGBJEfGjHmhg7nLAT0Jkcv9qV5e.jpg
2025-04-21,Up,2009.0,https://boxd.it/1OEc,4.5,14160.0,"Animation, Comedy, Family, Adventure","Carl Fredricksen spent his entire life dreaming of exploring the globe and experiencing life to its fullest. But at age 78, life seems to have passed him by, until a twist of fate (and a persistent 8-year old Wilderness Explorer named Russell) gives him a new lease on life.",,,,/mFvoEwSfLqbcWwFsDjQebn9bzFe.jpg,/hGGC9gKo7CFE3fW07RA587e5kol.jpg
2025-04-21,Sherlock Holmes,2009.0,https://boxd.it/1W2A,4.0,10528.0,"Action, Adventure, Crime, Mystery",Eccentric consulting detective Sherlock Holmes and Doctor John Watson battle to bring down a new nemesis and unravel a deadly plot that could destroy England.,,,,/momkKuWburNTqKBF6ez7rvhYVhE.jpg,/85g84VtSf9tu1A9JqqruXEHspb7.jpg
2025-04-21,2012,2009.0,https://boxd.it/1OE2,3.0,14161.0,"Action, Adventure, Science Fiction","Dr. Adrian Helmsley, part of a worldwide geophysical team investigating the effect on the earth of radiation from unprecedented solar storms, learns that the earth's core is heating up. He warns U.S. President Thomas Wilson that the crust of the earth is becoming unstable and that without proper preparations for saving a fraction of the world's population, the entire race is doomed. Meanwhile, writer Jackson Curtis stumbles on the same information. While the world's leaders race to build ""arks"" to escape the impending cataclysm, Curtis struggles to find a way to save his family. Meanwhile, volcanic eruptions and earthquakes of unprecedented strength wreak havoc around the world.",,,,/zaqam2RNscH5ooYFWInV6hjx6y5.jpg,/x9GeCXTGiPcmQcCsd1yzbNnx3up.jpg
2025-04-21,These Vagabond Shoes,2009.0,https://boxd.it/8Cpe,2.5,280411.0,Drama,A man travels across New York City to get a Nathan's Famous hot dog.,,,,,
2025-04-21,The Incredible Hulk,2008.0,https://boxd.it/28dU,4.0,1724.0,"Science Fiction, Action, Adventure","Scientist Bruce Banner scours the planet for an antidote to the unbridled force of rage within him: the Hulk. But when the military masterminds who dream of exploiting his powers force him back to civilization, he finds himself coming face to face with a new, deadly foe.",,,,/gKzYx79y0AQTL4UAk1cBQJ3nvrm.jpg,/jPu8yiadqgzwFPGKJmGo637ASVP.jpg
2025-04-21,Tropic Thunder,2008.0,https://boxd.it/20WM,4.0,7446.0,"Action, Comedy, Adventure, War","A group of self-absorbed actors set out to make the most expensive war film ever. After ballooning costs force the studio to cancel the movie, the frustrated director refuses to stop shooting, leading his cast into the jungles of Southeast Asia, where they encounter real bad guys.",,,,/zAurB9mNxfYRoVrVjAJJwGV3sPg.jpg,/4pLi4QMm0MZ9TSoF3l8qQmY9HNO.jpg
2025-04-21,Kung Fu Panda,2008.0,https://boxd.it/1Yws,4.0,9502.0,"Animation, Family, Comedy, Action","Chosen by prophecy but doubted by all, Po is an unlikely Dragon Warrior—a clumsy panda thrust into the world of kung fu as a deadly enemy threatens the Valley of Peace. Guided by Master Shifu and the Furious Five, Po must embrace who he is to unlock the power that no scroll can teach.",,,,/wWt4JYXTg5Wr3xBW2phBrMKgp3x.jpg,/qdthf9WrRDSaIkGVQGhhJ9pz1hn.jpg
2025-04-21,Vicky Cristina Barcelona,2008.0,https://boxd.it/23rW,3.5,5038.0,"Drama, Romance","Two girlfriends on a summer holiday in Spain become enamored with the same painter, unaware that his ex-wife, with whom he has a tempestuous relationship, is about to re-enter the picture.",,,,/ekAIg0GSbbHTH7y1GPgWj0brLTW.jpg,/uU7Ctqx6V27BXWhWgxcnFWaYYHz.jpg
2025-04-21,Cars,2006.0,https://boxd.it/29ho,4.0,920.0,"Animation, Adventure, Comedy, Family","Lightning McQueen, a hotshot rookie race car driven to succeed, discovers that life is about the journey, not the finish line, when he finds himself unexpectedly detoured in the sleepy Route 66 town of Radiator Springs. On route across the country to the big Piston Cup Championship in California to compete against two seasoned pros, McQueen gets to know the town's offbeat characters.",,,,/2Touk3m5gzsqr1VsvxypdyHY5ci.jpg,/sOLgkBKf1gjMRc4yXxM5aciXdfr.jpg
2025-04-21,The 40 Year Old Virgin,2005.0,https://boxd.it/21hK,3.0,6957.0,"Comedy, Romance","Andy Stitzer has a pleasant life with a nice apartment and a job stamping invoices at an electronics store. But at age 40, there's one thing Andy hasn't done, and it's really bothering his sex-obsessed male co-workers: Andy is still a virgin. Determined to help Andy get laid, the guys make it their mission to de-virginize him. But it all seems hopeless until Andy meets small business owner Trish, a single mom.",,,,/mVeoqL37gzhMXQVpONi9DGOQ3tZ.jpg,/3Wej7JW8Ikrzbm6h0lmSdeOYMmu.jpg
2025-04-21,Match Point,2005.0,https://boxd.it/2b6s,3.0,116.0,"Drama, Romance, Thriller","Chris, a former tennis pro, takes a job as an instructor and befriends his wealthy young student, Tom. After being introduced to his family, Chris is soon engaged to Tom's sister, Chloe. Despite the professional and financial advantages that this relationship affords him, Chris becomes obsessed with Tom's fiancee, American actress Nola.",,,,/vHjEVTD8ucuwKSFOZJeyAnTZYli.jpg,/yUJf20GQ5vifhk9QDxUGotAEaLz.jpg
2025-04-21,The Incredibles,2004.0,https://boxd.it/1XLm,5.0,9806.0,"Action, Adventure, Animation, Family","Bob Parr has given up his superhero days to log in time as an insurance adjuster and raise his three children with his formerly heroic wife in suburbia. But when he receives a mysterious assignment, it's time to get back into costume.",,,,/2LqaLgk4Z226KkgPJuiOQ58wvrm.jpg,/lxwzY9vNwjDgxWKt3zZ6zcU6rEJ.jpg
2025-04-21,Kung Fu Hustle,2004.0,https://boxd.it/1YBi,4.0,9470.0,"Action, Comedy, Crime, Fantasy","It's the 1940s, and the notorious Axe Gang terrorizes Shanghai. Small-time criminals Sing and Bone hope to join, but they only manage to make lots of very dangerous enemies. Fortunately for them, kung fu masters and hidden strength can be found in unlikely places. Now they just have to take on the entire Axe Gang.",,,,/exbyTbrvRUDKN2mcNEuVor4VFQW.jpg,/9XhZhoSnFJ3AjpfzdIiZVHLQIS4.jpg
2025-04-21,Finding Nemo,2003.0,https://boxd.it/72i,4.0,12.0,"Animation, Family","Nemo, an adventurous young clownfish, is unexpectedly taken from his Great Barrier Reef home to a dentist's office aquarium. It's up to his worrisome father Marlin and a friendly but forgetful fish Dory to bring Nemo home -- meeting vegetarian sharks, surfer dude turtles, hypnotic jellyfish, hungry seagulls, and more along the way.",,,,/eHuGQ10FUzK1mdOY69wF5pGgEf5.jpg,/eCynaAOgYYiw5yN5lBwz3IxqvaW.jpg
2025-04-21,Johnny English,2003.0,https://boxd.it/1YyI,4.0,9486.0,"Adventure, Action, Comedy","A lowly pencil pusher working for MI7, Johnny English is suddenly promoted to super spy after Agent One is assassinated and every other agent is blown up at his funeral. When a billionaire entrepreneur sponsors the exhibition of the Crown Jewels—and the valuable gems disappear on the opening night and on English's watch—the newly-designated agent must jump into action to find the thief and recover the missing gems.",,,,/mmzW88tnkB2MnOV3Un2F9IUxSnZ.jpg,/tGcIy7gA8jwYpi5W2UB1Rxrk2i6.jpg
2025-04-21,The Time Machine,2002.0,https://boxd.it/27mG,4.0,2135.0,"Science Fiction, Adventure, Action","Hoping to alter the events of the past, a 19th century inventor instead travels 800,000 years into the future, where he finds mankind divided into two warring races.",,,,,
2025-04-21,The Ring,2002.0,https://boxd.it/2a70,3.5,565.0,"Horror, Mystery",Rachel Keller is a journalist investigating a videotape that may have killed four teenagers. There is an urban legend about this tape: the viewer will die seven days after watching it. Rachel tracks down the video... and watches it. Now she has just seven days to unravel the mystery of the Ring so she can save herself and her son.,,,,/AeRpUynJKDpJveklBJipOYrVxCS.jpg,/6tuNQ16hC4Qp7wjTweKzUnnLBkI.jpg
2025-04-21,Shaolin Soccer,2001.0,https://boxd.it/1T86,4.0,11770.0,"Action, Comedy",A young Shaolin follower reunites with his discouraged brothers to form a soccer team using their martial art skills to their advantage.,,,,/z6ZQqwoxWy9muIxwUP4K2zWw7BU.jpg,/lMRX4cLx4hxYth3iQ96c0E1RHGB.jpg
2025-04-21,Jumanji,1995.0,https://boxd.it/1ZLI,4.0,8844.0,"Adventure, Fantasy, Family","When siblings Judy and Peter discover an enchanted board game that opens the door to a magical world, they unwittingly invite Alan -- an adult who's been trapped inside the game for 26 years -- into their living room. Alan's only hope for freedom is to finish the game, which proves risky as all three find themselves running from giant rhinoceroses, evil monkeys and other terrifying creatures.",,,,/bdHG5Mo83VPobeZZdlSz0Y7HQHB.jpg,/qSxeCfWUUyht9hZgaaYmtPtTkw2.jpg
2025-04-21,Ghostbusters II,1989.0,https://boxd.it/261s,3.0,2978.0,"Comedy, Fantasy",The discovery of a massive river of ectoplasm and a resurgence of spectral activity allows the staff of Ghostbusters to revive the business.,,,,/iUZPi31KDP0n5ycpycEsvl51BdV.jpg,/tgHO1DdnaS0xHcRxBHxE4kOQeIm.jpg
2025-04-21,Ghostbusters,1984.0,https://boxd.it/g2w,3.0,620.0,"Comedy, Fantasy","After losing their academic posts at a prestigious university, a team of parapsychologists goes into business as proton-pack-toting ""ghostbusters"" who exterminate ghouls, hobgoblins and supernatural pests of all stripes. An ad campaign pays off when a knockout cellist hires the squad to purge her swanky digs of demons that appear to be living in her refrigerator.",,,,/7E8nLijS9AwwUEPu2oFYOVKhdFA.jpg,/c6yfABGVKuB5cjoOwdX4AJMlzUz.jpg
2025-04-21,Airplane!,1980.0,https://boxd.it/29yu,3.5,813.0,Comedy,An ex-fighter pilot forced to take over the controls of an airliner when the flight crew succumbs to food poisoning.,,,,/7Q3efxd3AF1vQjlSxnlerSA7RzN.jpg,/wQyvrsNSTzFVEGgarZbFkFyIciy.jpg
2025-04-19,Rohan at the Louvre,2023.0,https://boxd.it/Ety6,3.5,1069813.0,"Mystery, Action, Adventure, Drama","Rohan Kishibe is a mangaka who can read people like a book. At work on a new creation, Rohan recalls a tale of the blackest painting ever made. Called the most evil of paintings, it used a paint that should not exist. Driven by the events linked to it, Rohan and his editor, Izumi, go to the Louvre in France for answers.",,,,/3DOjh4LAyHnLkk9oUIylyW2uOCx.jpg,/iBfwwYQ15Gl2lf8j0yuuQnFiajg.jpg
2025-04-19,Rogue One: A Star Wars Story,2016.0,https://boxd.it/aPvy,5.0,330459.0,"Action, Adventure, Science Fiction",A rogue band of resistance fighters unite for a mission to steal the Death Star plans and bring a new hope to the galaxy.,,,,/i0yw1mFbB7sNGHCs7EXZPzFkdA1.jpg,/6t8ES1d12OzWyCGxBeDYLHoaDrT.jpg
2025-04-19,Borat: Cultural Learnings of America for Make Benefit Glorious Nation of Kazakhstan,2006.0,https://boxd.it/2agQ,3.0,496.0,Comedy,"Kazakh journalist Borat Sagdiyev travels to America to make a documentary. As he zigzags across the nation, Borat meets real people in real situations with hysterical consequences. His backwards behavior generates strong reactions around him exposing prejudices and hypocrisies in American culture.",,,,/7g9kBHMN2KTr5KUf8aen187Mdn.jpg,/lMxpaFElskdtbAnVEPSvG01SM4C.jpg
2025-04-18,LEGO Star Wars Holiday Special,2020.0,https://boxd.it/rtpC,4.0,732670.0,"Animation, Family, Science Fiction, Adventure, Comedy","As her friends prep for a Life Day holiday celebration, Rey journeys with BB-8 on a quest to gain a deeper knowledge of the Force at a mysterious Jedi Temple. There, she embarks on a cross-timeline adventure through beloved moments in Star Wars history, coming into contact with iconic heroes and villains from all eras of the saga. But will she make it back in time for the Life Day feast?",,,,/zyzJSI7UZZzz5Toj10rYGF5689z.jpg,/ucEQXe6wPpPhgcJh4oXOAvX1lnb.jpg
2025-04-18,Back to the Future Part II,1989.0,https://boxd.it/2aYI,4.0,165.0,"Adventure, Comedy, Science Fiction","Marty and Doc are at it again as the time-traveling duo head to 2015 to nip some McFly family woes in the bud. But things go awry thanks to bully Biff Tannen and a pesky sports almanac. In a last-ditch attempt to set things straight, Marty finds himself bound for 1955 and face to face with his teenage parents -- again.",,,,/hQq8xZe5uLjFzSBt4LanNP7SQjl.jpg,/w6tPctxWAsHoQXeKxxNOT6lYKpx.jpg
2025-04-17,Back to the Future,1985.0,https://boxd.it/2b8e,4.5,105.0,"Adventure, Comedy, Science Fiction","Eighties teenager Marty McFly is accidentally sent back in time to 1955, inadvertently disrupting his parents' first meeting and attracting his mother's romantic interest. Marty must repair the damage to history by rekindling his parents' romance and - with the help of his eccentric inventor friend Doc Brown - return to 1985.",,,,/vN5B5WgYscRGcQpVhHl6p9DDTP0.jpg,/5bzPWQ2dFUl2aZKkp7ILJVVkRed.jpg
2025-04-16,The Fall Guy,2024.0,https://boxd.it/s0Bm,4.0,746036.0,"Action, Comedy, Romance","Fresh off an almost career-ending accident, stuntman Colt Seavers has to track down a missing movie star, solve a conspiracy and try to win back the love of his life while still doing his day job.",,,,/e7olqFmzcIX5c23kX4zSmLPJi8c.jpg,/2rjI2uXmjitMAaXVO21r9ao7v2j.jpg
2025-04-16,Sonic the Hedgehog 3,2024.0,https://boxd.it/zq0U,3.5,939243.0,"Action, Science Fiction, Comedy, Family","Sonic, Knuckles, and Tails reunite against a powerful new adversary, Shadow, a mysterious villain with powers unlike anything they have faced before. With their abilities outmatched in every way, Team Sonic must seek out an unlikely alliance in hopes of stopping Shadow and protecting the planet.",,,,/d8Ryb8AunYAuycVKDp5HpdWPKgC.jpg,/zOpe0eHsq0A2NvNyBbtT6sj53qV.jpg
2025-04-16,Poor Things,2023.0,https://boxd.it/tNWU,4.0,792307.0,"Science Fiction, Romance, Comedy","Brought back to life by an unorthodox scientist, a young woman runs off with a lawyer on a whirlwind adventure across the continents. Free from the prejudices of her times, she grows steadfast in her purpose to stand for equality and liberation.",,,,/kCGlIMHnOm8JPXq3rXM6c5wMxcT.jpg,/zh6IdheEYinU4TPtorWsjx6qPQE.jpg
2025-04-16,Hit Man,2023.0,https://boxd.it/ANB2,3.5,974635.0,"Comedy, Romance, Crime",A mild-mannered professor moonlighting as a fake hit man in police stings ignites a chain reaction of trouble when he falls for a potential client.,,,,/oil3EZwKFp3CWxZnfGfGglesvm9.jpg,/nv6F6tz7r61DUhE7zgHwLJFcTYp.jpg
2025-04-16,Transformers: Rise of the Beasts,2023.0,https://boxd.it/oQTa,3.5,667538.0,"Science Fiction, Adventure, Action","When a new threat capable of destroying the entire planet emerges, Optimus Prime and the Autobots must team up with a powerful faction known as the Maximals. With the fate of humanity hanging in the balance, humans Noah and Elena will do whatever it takes to help the Transformers as they engage in the ultimate battle to save Earth.",,,,/gPbM0MK8CP8A174rmUwGsADNYKD.jpg,/2vFuG6bWGyQUzYS9d69E5l85nIz.jpg
2025-04-16,No Hard Feelings,2023.0,https://boxd.it/xouu,3.0,884605.0,"Comedy, Romance","On the brink of losing her childhood home, Maddie discovers an intriguing job listing: wealthy helicopter parents looking for someone to “date” their introverted 19-year-old son, Percy, before he leaves for college. To her surprise, Maddie soon discovers the awkward Percy is no sure thing.",,,,/gD72DhJ7NbfxvtxGiAzLaa0xaoj.jpg,/rRcNmiH55Tz0ugUsDUGmj8Bsa4V.jpg
2025-04-16,Shazam! Fury of the Gods,2023.0,https://boxd.it/lV0S,2.5,594767.0,"Comedy, Action, Fantasy","Billy Batson and his foster siblings, who transform into superheroes by saying ""Shazam!"", are forced to get back into action and fight the Daughters of Atlas, who they must stop from using a weapon that could destroy the world.",,,,/3GrRgt6CiLIUXUtoktcv1g2iwT5.jpg,/kQV9sV0IbastbU5FYxuYwxfMawz.jpg
2025-04-16,The Adam Project,2022.0,https://boxd.it/q2Dg,3.5,696806.0,"Adventure, Science Fiction, Comedy","After accidentally crash-landing in 2022, time-traveling fighter pilot Adam Reed teams up with his 12-year-old self on a mission to save the future.",,,,/wFjboE0aFZNbVOF05fzrka9Fqyx.jpg,/ewUqXnwiRLhgmGhuksOdLgh49Ch.jpg
2025-04-16,Avatar: The Way of Water,2022.0,https://boxd.it/2E2E,3.0,76600.0,"Action, Adventure, Science Fiction","Set more than a decade after the events of the first film, learn the story of the Sully family (Jake, Neytiri, and their kids), the trouble that follows them, the lengths they go to keep each other safe, the battles they fight to stay alive, and the tragedies they endure.",,,,/t6HIqrRAclMCA60NsSmeqe9RmNV.jpg,/kJsPVzdyBrYHLomuNv5SJDXUQ2f.jpg
2025-04-16,Uncharted,2022.0,https://boxd.it/b5Dy,3.0,335787.0,"Action, Adventure","A young street-smart, Nathan Drake and his wisecracking partner Victor “Sully” Sullivan embark on a dangerous pursuit of “the greatest treasure never found” while also tracking clues that may lead to Nathan’s long-lost brother.",,,,/rJHC1RUORuUhtfNb4Npclx0xnOf.jpg,/fwrqW8Lp5VQuppFrODd4iJ8LySE.jpg
2025-04-16,Black Panther: Wakanda Forever,2022.0,https://boxd.it/igPu,3.0,505642.0,"Action, Adventure, Science Fiction","Queen Ramonda, Shuri, M’Baku, Okoye and the Dora Milaje fight to protect their nation from intervening world powers in the wake of King T’Challa’s death.  As the Wakandans strive to embrace their next chapter, the heroes must band together with the help of War Dog Nakia and Everett Ross and forge a new path for the kingdom of Wakanda.",,,,/sv1xJUazXeYqALzczSZ3O6nkH75.jpg,/83H0C66AcvkwpG2738VCTHMY9uv.jpg
2025-04-16,Black Adam,2022.0,https://boxd.it/fup0,3.0,436270.0,"Action, Adventure, Science Fiction","Nearly 5,000 years after he was bestowed with the almighty powers of the Egyptian gods—and imprisoned just as quickly—Black Adam is freed from his earthly tomb, ready to unleash his unique form of justice on the modern world.",,,,/rCtreCr4xiYEWDQTebybolIh6Xe.jpg,/bQXAqRx2Fgc46uCVWgoPz5L5Dtr.jpg
2025-04-16,Zack Snyder's Justice League,2021.0,https://boxd.it/tLOk,4.5,791373.0,"Action, Adventure, Fantasy","Determined to ensure Superman's ultimate sacrifice was not in vain, Bruce Wayne aligns forces with Diana Prince with plans to recruit a team of metahumans to protect the world from an approaching threat of catastrophic proportions.",,,,/tnAuB8q5vv7Ax9UAEje5Xi4BXik.jpg,/13Nz8EchKRdCgJcKdEoJAnpiVn2.jpg
2025-04-16,The Suicide Squad,2021.0,https://boxd.it/fw6O,4.0,436969.0,"Action, Comedy, Adventure","Supervillains Harley Quinn, Bloodsport, Peacemaker and a collection of nutty cons at Belle Reve prison join the super-secret, super-shady Task Force X as they are dropped off at the remote, enemy-infused island of Corto Maltese.",,,,/q61qEyssk2ku3okWICKArlAdhBn.jpg,/jlGmlFOcfo8n5tURmhC7YVd4Iyy.jpg
2025-04-16,Shang-Chi and the Legend of the Ten Rings,2021.0,https://boxd.it/kLDI,4.0,566525.0,"Action, Adventure, Fantasy",Shang-Chi must confront the past he thought he left behind when he is drawn into the web of the mysterious Ten Rings organization.,,,,,
2025-04-16,Free Guy,2021.0,https://boxd.it/k8dm,4.0,550988.0,"Comedy, Adventure, Science Fiction","A bank teller discovers he is actually a background player in an open-world video game, and decides to become the hero of his own story. Now, in a world where there are no limits, he is determined to be the guy who saves his world his way before it's too late.",,,,/dxraF0qPr1OEgJk17ltQTO84kQF.jpg,/rOJb0yQOCny0bPjg8bCLw8DyAD7.jpg
2025-04-16,Friends: The Reunion,2021.0,https://boxd.it/pOQq,4.0,691179.0,Documentary,"The cast of Friends reunites for a once-in-a-lifetime celebration of the hit series, an unforgettable evening filled with iconic memories, uncontrollable laughter, happy tears, and special guests.",,,,/bT3c4TSOP8vBmMoXZRDPTII6eDa.jpg,/qPlAgjG4xy7utjf5L14FZ8kaiWl.jpg
2025-04-16,Godzilla vs. Kong,2021.0,https://boxd.it/e0qK,3.5,399566.0,"Action, Science Fiction, Adventure","In a time when monsters walk the Earth, humanity’s fight for its future sets Godzilla and Kong on a collision course that will see the two most powerful forces of nature on the planet collide in a spectacular battle for the ages.",,,,/pgqgaUx1cJb5oZQQ5v0tNARCeBp.jpg,/wWqTMWkEw6HouLd1zPZbZWxtAPr.jpg
2025-04-16,The King's Man,2021.0,https://boxd.it/h714,3.5,476669.0,"Action, Adventure, Thriller","As a collection of history's worst tyrants and criminal masterminds gather to plot a war to wipe out millions, one man must race against time to stop them.",,,,/aq4Pwv5Xeuvj6HZKtxyd23e6bE9.jpg,/4OTYefcAlaShn6TGVK33UxLW9R7.jpg
2025-04-16,Eternals,2021.0,https://boxd.it/j36o,3.0,524434.0,"Science Fiction, Action, Adventure","The Eternals are a team of ancient aliens who have been living on Earth in secret for thousands of years. When an unexpected tragedy forces them out of the shadows, they are forced to reunite against mankind’s most ancient enemy, the Deviants.",,,,/lFByFSLV5WDJEv3KabbdAF959F2.jpg,/c6H7Z4u73ir3cIoCteuhJh7UCAR.jpg
2025-04-16,The Boss Baby: Family Business,2021.0,https://boxd.it/goWY,3.0,459151.0,"Animation, Comedy, Adventure, Family",The Templeton brothers — Tim and his Boss Baby little bro Ted — have become adults and drifted away from each other. But a new boss baby with a cutting-edge approach and a can-do attitude is about to bring them together again … and inspire a new family business.,,,,/aQ7huOn3F0iJCJrFezS8p9WEsri.jpg,/yBov7O4eXDcBLDpZrOHZzFr8rIl.jpg
2025-04-16,Mortal Kombat,2021.0,https://boxd.it/gswA,3.0,460465.0,"Action, Fantasy, Adventure","Washed-up MMA fighter Cole Young, unaware of his heritage, and hunted by Emperor Shang Tsung's best warrior, Sub-Zero, seeks out and trains with Earth's greatest champions as he prepares to stand against the enemies of Outworld in a high stakes battle for the universe.",,,,/nkayOAUBUu4mMvyNf9iHSUiPjF1.jpg,/6ELCZlTA5lGUops70hKdB83WJxH.jpg
2025-04-16,Tenet,2020.0,https://boxd.it/leq4,4.0,577922.0,"Action, Thriller, Science Fiction","Armed with only one word - Tenet - and fighting for the survival of the entire world, the Protagonist journeys through a twilight world of international espionage on a mission that will unfold in something beyond real time.",,,,/aCIFMriQh8rvhxpN1IWGgvH0Tlg.jpg,/mQOUyqDybTqxl73hO5LujCZsM1o.jpg
2025-04-16,Sonic the Hedgehog,2020.0,https://boxd.it/gdK8,3.0,454626.0,"Action, Science Fiction, Comedy, Family","Powered with incredible speed, Sonic The Hedgehog embraces his new home on Earth. That is, until Sonic sparks the attention of super-uncool evil genius Dr. Robotnik. Now it’s super-villain vs. super-sonic in an all-out race across the globe to stop Robotnik from using Sonic’s unique power for world domination.",,,,/aQvJ5WPzZgYVDrxLX4R6cLJCEaQ.jpg,/stmYfCUGd8Iy6kAMBr6AmWqx8Bq.jpg
2025-04-16,Avengers: Endgame,2019.0,https://boxd.it/9vE4,5.0,299534.0,"Adventure, Science Fiction, Action","After the devastating events of Avengers: Infinity War, the universe is in ruins due to the efforts of the Mad Titan, Thanos. With the help of remaining allies, the Avengers must assemble once more in order to undo Thanos' actions and restore order to the universe once and for all, no matter what consequences may be in store.",,,,/ulzhLuWrPK07P1YkdWQLZnQh1JL.jpg,/7RyHsO4yDXtBv1zUU3mTpHeQ0d5.jpg
2025-04-16,Knives Out,2019.0,https://boxd.it/jWEA,4.5,546554.0,"Comedy, Crime, Mystery","When renowned crime novelist Harlan Thrombey is found dead at his estate just after his 85th birthday, the inquisitive and debonair Detective Benoit Blanc is mysteriously enlisted to investigate. From Harlan's dysfunctional family to his devoted staff, Blanc sifts through a web of red herrings and self-serving lies to uncover the truth behind Harlan's untimely death.",,,,/pThyQovXQrw2m0s9x82twj48Jq4.jpg,/4HWAQu28e2yaWrtupFPGFkdNU7V.jpg
2025-04-16,Midsommar,2019.0,https://boxd.it/jhxe,4.0,530385.0,"Horror, Drama, Mystery","Several friends travel to Sweden to study as anthropologists a summer festival that is held every ninety years in the remote hometown of one of them. What begins as a dream vacation in a place where the sun never sets, gradually turns into a dark nightmare as the mysterious inhabitants invite them to participate in their disturbing festive activities.",,,,/7LEI8ulZzO5gy9Ww2NVCrKmHeDZ.jpg,/pYgj8e2Y6RufnSyOA6OnzmxFXxZ.jpg
2025-04-16,Godzilla: King of the Monsters,2019.0,https://boxd.it/cY7Y,4.0,373571.0,"Science Fiction, Action","Follows the heroic efforts of the crypto-zoological agency Monarch as its members face off against a battery of god-sized monsters, including the mighty Godzilla, who collides with Mothra, Rodan, and his ultimate nemesis, the three-headed King Ghidorah. When these ancient super-species, thought to be mere myths, rise again, they all vie for supremacy, leaving humanity's very existence hanging in the balance.",,,,/mzOHg7Q5q9yUmY0b9Esu8Qe6Nnm.jpg,/mzRJpkWPjXdXak0WCc8ZxVH4hug.jpg
2025-04-16,Spies in Disguise,2019.0,https://boxd.it/fjf4,3.5,431693.0,"Animation, Action, Adventure, Comedy, Family","Super spy Lance Sterling and scientist Walter Beckett are almost exact opposites. Lance is smooth, suave and debonair. Walter is… not. But what Walter lacks in social skills he makes up for in smarts and invention, creating the awesome gadgets Lance uses on his epic missions. But when events take an unexpected turn, Walter and Lance suddenly have to rely on each other in a whole new way.",,,,/z52xI0MnoX1rqySFJYnmBqHbXRn.jpg,/uG1v9Hk1XKICd6IJChRR20mBh8i.jpg
2025-04-16,Spider-Man: Far From Home,2019.0,https://boxd.it/fegG,3.5,429617.0,"Action, Adventure, Science Fiction","Peter Parker and his friends go on a summer trip to Europe. However, they will hardly be able to rest - Peter will have to agree to help Nick Fury uncover the mystery of creatures that cause natural disasters and destruction throughout the continent.",,,,/4q2NNj4S5dG2RLF9CpXsej7yXl.jpg,/vamhMTvh9m9zFHDoR0v1nRtf6T4.jpg
2025-04-16,Captain Marvel,2019.0,https://boxd.it/9vSA,3.0,299537.0,"Action, Adventure, Science Fiction","The story follows Carol Danvers as she becomes one of the universe’s most powerful heroes when Earth is caught in the middle of a galactic war between two alien races. Set in the 1990s, Captain Marvel is an all-new adventure from a previously unseen period in the history of the Marvel Cinematic Universe.",,,,/AtsgWhDnHTq68L0lLsUrCnM7TjG.jpg,/qAzYK4YPSWDc7aa4R43LcwRIAyb.jpg
2025-04-16,Avengers: Infinity War,2018.0,https://boxd.it/9vEe,5.0,299536.0,"Adventure, Action, Science Fiction","As the Avengers and their allies have continued to protect the world from threats too large for any one hero to handle, a new danger has emerged from the cosmic shadows: Thanos. A despot of intergalactic infamy, his goal is to collect all six Infinity Stones, artifacts of unimaginable power, and use them to inflict his twisted will on all of reality. Everything the Avengers have fought for has led up to this moment - the fate of Earth and existence itself has never been more uncertain.",,,,/7WsyChQLEftFiDOVTGkv3hFpyyt.jpg,/mDfJG3LC3Dqb67AZ52x3Z0jU0uB.jpg
2025-04-16,Ant-Man and the Wasp,2018.0,https://boxd.it/cqUW,3.0,363088.0,"Action, Adventure, Science Fiction","Just when his time under house arrest is about to end, Scott Lang once again puts his freedom at risk to help Hope van Dyne and Dr. Hank Pym dive into the quantum realm and try to accomplish, against time and any chance of success, a very dangerous rescue mission.",,,,/cFQEO687n1K6umXbInzocxcnAQz.jpg,/iYdgEUE2W2aJkgqfSjf1x3gFfuV.jpg
2025-04-16,Deadpool 2,2018.0,https://boxd.it/dlLM,3.0,383498.0,"Action, Comedy, Adventure",Wisecracking mercenary Deadpool battles the evil and powerful Cable and other bad guys to save a boy's life.,,,,/to0spRl1CMDvyUbOnbb4fTk3VAd.jpg,/3P52oz9HPQWxcwHOwxtyrVV1LKi.jpg
2025-04-16,Venom,2018.0,https://boxd.it/b8wA,3.0,335983.0,"Science Fiction, Action","Investigative journalist Eddie Brock attempts a comeback following a scandal, but accidentally becomes the host of Venom, a violent, super powerful alien symbiote. Soon, he must rely on his newfound powers to protect the world from a shadowy organization looking for a symbiote of their own.",,,,/2uNW4WbgBXL25BAbXGLnLqX71Sw.jpg,/hNsYUryiwxcdeTMkaBcPF3iEg0p.jpg
2025-04-16,Bumblebee,2018.0,https://boxd.it/f21O,3.0,424783.0,"Action, Adventure, Science Fiction","On the run in the year 1987, Bumblebee finds refuge in a junkyard in a small Californian beach town. Charlie, on the cusp of turning 18 and trying to find her place in the world, discovers Bumblebee, battle-scarred and broken.  When Charlie revives him, she quickly learns this is no ordinary yellow VW bug.",,,,/fw02ONlDhrYjTSZV8XO6hhU3ds3.jpg,/hMANgfPHR1tRObNp2oPiOi9mMlz.jpg
2025-04-16,Thor: Ragnarok,2017.0,https://boxd.it/8MHi,4.5,284053.0,"Action, Adventure, Science Fiction, Comedy","Thor is imprisoned on the other side of the universe and finds himself in a race against time to get back to Asgard to stop Ragnarok, the destruction of his home-world and the end of Asgardian civilization, at the hands of a powerful new threat, the ruthless Hela.",,,,/rzRwTcFvttcN1ZpX2xv4j3tSdJu.jpg,/vLmHH8jAy8Jq8uBsLucd3592WGh.jpg
2025-04-16,Spider-Man: Homecoming,2017.0,https://boxd.it/aboM,4.0,315635.0,"Action, Adventure, Science Fiction","Following the events of Captain America: Civil War, Peter Parker, with the help of his mentor Tony Stark, tries to balance his life as an ordinary high school student in Queens, New York City, with fighting crime as his superhero alter ego Spider-Man as a new threat, the Vulture, emerges.",,,,/c24sv2weTHPsmDa7jEMN0m2P3RT.jpg,/fn4n6uOYcB6Uh89nbNPoU2w80RV.jpg
2025-04-16,War for the Planet of the Apes,2017.0,https://boxd.it/8FE2,4.0,281338.0,"Drama, Science Fiction, War","Caesar and his apes are forced into a deadly conflict with an army of humans led by a ruthless Colonel. After the apes suffer unimaginable losses, Caesar wrestles with his darker instincts and begins his own mythic quest to avenge his kind. As the journey finally brings them face to face, Caesar and the Colonel are pitted against each other in an epic battle that will determine the fate of both their species and the future of the planet.",,,,/3vYhLLxrTtZLysXtIWktmd57Snv.jpg,/ulMscezy9YX0bhknvJbZoUgQxO5.jpg
2025-04-16,Kingsman: The Golden Circle,2017.0,https://boxd.it/buJm,4.0,343668.0,"Action, Adventure, Comedy, Crime","When an attack on the Kingsman headquarters takes place and a new villain rises, Eggsy and Merlin are forced to work together with the American agency known as the Statesman to save the world.",,,,/34xBL6BXNYFqtHO9zhcgoakS4aP.jpg,/eVHVwP71el20fofkCHo78ebQv7Q.jpg
2025-04-16,Justice League,2017.0,https://boxd.it/4w68,2.5,141052.0,"Action, Adventure, Science Fiction","Fuelled by his restored faith in humanity and inspired by Superman's selfless act, Bruce Wayne and Diana Prince assemble a team of metahumans consisting of Barry Allen, Arthur Curry and Victor Stone to face the catastrophic threat of Steppenwolf and the Parademons who are on the hunt for three Mother Boxes on Earth.",,,,/eifGNCSDuxJeS1loAXil5bIGgvC.jpg,/2nyaeISu2xIxIgZYNpX4UayY8PN.jpg
2025-04-16,Captain America: Civil War,2016.0,https://boxd.it/89Ja,5.0,271110.0,"Adventure, Action, Science Fiction","Following the events of Age of Ultron, the collective governments of the world pass an act designed to regulate all superhuman activity. This polarizes opinion amongst the Avengers, causing two factions to side with Iron Man or Captain America, which causes an epic battle between former allies.",,,,/rAGiXaUfPzY7CDEyNKUofk3Kw2e.jpg,/wdwcOBMkt3zmPQuEMxB3FUtMio2.jpg
2025-04-16,Deadpool,2016.0,https://boxd.it/9fOC,4.5,293660.0,"Action, Adventure, Comedy","The origin story of former Special Forces operative turned mercenary Wade Wilson, who, after being subjected to a rogue experiment that leaves him with accelerated healing powers, adopts the alter ego Deadpool. Armed with his new abilities and a dark, twisted sense of humor, Deadpool hunts down the man who nearly destroyed his life.",,,,/3E53WEZJqP6aM84D8CckXx4pIHw.jpg,/en971MEXui9diirXlogOrPKmsEn.jpg
2025-04-16,Suicide Squad,2016.0,https://boxd.it/9row,3.0,297761.0,"Action, Adventure, Fantasy","From DC Comics comes the Suicide Squad, an antihero team of incarcerated supervillains who act as deniable assets for the United States government, undertaking high-risk black ops missions in exchange for commuted prison sentences.",,,,/sk3FZgh3sRrmr8vyhaitNobMcfh.jpg,/8XyX5Us7uzwQdXtAdnhCB9Gquek.jpg
2025-04-16,Avengers: Age of Ultron,2015.0,https://boxd.it/3qi6,4.0,99861.0,"Action, Adventure, Science Fiction","When Tony Stark tries to jumpstart a dormant peacekeeping program, things go awry and Earth’s Mightiest Heroes are put to the ultimate test as the fate of the planet hangs in the balance. As the villainous Ultron emerges, it is up to The Avengers to stop him from enacting his terrible plans, and soon uneasy alliances and unexpected action pave the way for an epic and unique global adventure.",,,,/4ssDuvEDkSArWEdyBl2X5EHvYKU.jpg,/kIBK5SKwgqIIuRKhhWrJn3XkbPq.jpg
2025-04-16,Ant-Man,2015.0,https://boxd.it/3vmW,3.5,102899.0,"Science Fiction, Adventure, Action","Armed with the astonishing ability to shrink in scale but increase in strength, master thief Scott Lang must embrace his inner-hero and help his mentor, Doctor Hank Pym, protect the secret behind his spectacular Ant-Man suit from a new generation of towering threats. Against seemingly insurmountable obstacles, Pym and Lang must plan and pull off a heist that will save the world.",,,,/rQRnQfUl3kfp78nCWq8Ks04vnq1.jpg,/1K3JmSNUN8OpjYsCjc0Hy0SYxAb.jpg
2025-04-16,John Wick,2014.0,https://boxd.it/7dEc,4.5,245891.0,"Action, Thriller",Ex-hitman John Wick comes out of retirement to track down the gangsters that took everything from him.,,,,/wXqWR7dHncNRbxoEGybEy7QTe9h.jpg,/ff2ti5DkA9UYLzyqhQfI2kZqEuh.jpg
2025-04-16,The Amazing Spider-Man 2,2014.0,https://boxd.it/3utM,4.0,102382.0,"Action, Adventure, Science Fiction","For Peter Parker, life is busy. Between taking out the bad guys as Spider-Man and spending time with the person he loves, Gwen Stacy, high school graduation cannot come quickly enough. Peter has not forgotten about the promise he made to Gwen’s father to protect her by staying away, but that is a promise he cannot keep. Things will change for Peter when a new villain, Electro, emerges, an old friend, Harry Osborn, returns, and Peter uncovers new clues about his past.",,,,/dGjoPttcbKR5VWg1jQuNFB247KL.jpg,/k0hlAzTryCYX1O1LyC6P8tAa8s0.jpg
2025-04-16,Dawn of the Planet of the Apes,2014.0,https://boxd.it/3XyQ,4.0,119450.0,"Science Fiction, Action, Drama, Thriller","A group of scientists in San Francisco struggle to stay alive in the aftermath of a plague that is wiping out humanity, while Caesar tries to maintain dominance over his community of intelligent apes.",,,,/mSmAc9G25fhOHH45SLEeagR0qi7.jpg,/3SozaNPOYUadcmTPgndDibMyDNC.jpg
2025-04-16,Godzilla,2014.0,https://boxd.it/47OE,3.5,124905.0,"Action, Drama, Science Fiction","Ford Brody, a Navy bomb expert, has just reunited with his family in San Francisco when he is forced to go to Japan to help his estranged father, Joe. Soon, both men are swept up in an escalating crisis when an ancient alpha predator arises from the sea to combat malevolent adversaries that threaten the survival of humanity. The creatures leave colossal destruction in their wake, as they make their way toward their final battleground: San Francisco.",,,,/z0CpCYiaUikJrcftPnb0jYCYmoo.jpg,/cHvwgJPaT59H1HiQsvBrGD5I46g.jpg
2025-04-16,Transformers: Age of Extinction,2014.0,https://boxd.it/3d1m,3.5,91314.0,"Science Fiction, Action, Adventure","As humanity picks up the pieces after the battle of Chicago, a shadowy group reveals itself in an attempt to control the direction of history…while an ancient, powerful new menace sets Earth in its crosshairs. With help from Cade Yeager, Optimus Prime and the Autobots rise to meet their most fearsome challenge yet.",,,,/jyzrfx2WaeY60kYZpPYepSjGz4S.jpg,/wxr4Z6E83h14CogsZOzDm1vuDX3.jpg
2025-04-16,Iron Man 3,2013.0,https://boxd.it/2cBQ,4.5,68721.0,"Action, Adventure, Science Fiction","When Tony Stark's world is torn apart by a formidable terrorist called the Mandarin, he starts an odyssey of rebuilding and retribution.",,,,/qhPtAc1TKbMPqNvcdXSOn9Bn7hZ.jpg,/iVped1djsF0tvGkvnHbzsE3ZPTF.jpg
2025-04-16,Thor: The Dark World,2013.0,https://boxd.it/2DqA,3.0,76338.0,"Action, Adventure, Fantasy","Thor fights to restore order across the cosmos… but an ancient race led by the vengeful Malekith returns to plunge the universe back into darkness. Faced with an enemy that even Odin and Asgard cannot withstand, Thor must embark on his most perilous and personal journey yet, one that will reunite him with Jane Foster and force him to sacrifice everything to save us all.",,,,/wp6OxE4poJ4G7c0U2ZIXasTSMR7.jpg,/5QEOy0QEpad9QsXeMxuGHPXMale.jpg
2025-04-16,The Avengers,2012.0,https://boxd.it/1xFW,5.0,24428.0,"Science Fiction, Action, Adventure","When an unexpected enemy emerges and threatens global safety and security, Nick Fury, director of the international peacekeeping agency known as S.H.I.E.L.D., finds himself in need of a team to pull the world back from the brink of disaster. Spanning the globe, a daring recruitment effort begins!",,,,/RYMX2wcKCBAr24UyPD7xwmjaTn.jpg,/9BBTo63ANSmhC4e6r62OJFuK2GL.jpg
2025-04-16,The Amazing Spider-Man,2012.0,https://boxd.it/27PI,4.5,1930.0,"Action, Adventure, Science Fiction","Peter Parker is an outcast high schooler abandoned by his parents as a boy, leaving him to be raised by his Uncle Ben and Aunt May. Like most teenagers, Peter is trying to figure out who he is and how he got to be the person he is today. As Peter discovers a mysterious briefcase that belonged to his father, he begins a quest to understand his parents' disappearance – leading him directly to Oscorp and the lab of Dr. Curt Connors, his father's former partner. As Spider-Man is set on a collision course with Connors' alter ego, The Lizard, Peter will make life-altering choices to use his powers and shape his destiny to become a hero.",,,,/jexoNYnPd6vVrmygwF6QZmWPFdu.jpg,/HVcza6tJtWFrLriuh3Ano4Vt46.jpg
2025-04-16,Transformers: Dark of the Moon,2011.0,https://boxd.it/16aC,4.0,38356.0,"Action, Science Fiction, Adventure","The Autobots continue to work for NEST, now no longer in secret. But after discovering a strange artifact during a mission in Chernobyl, it becomes apparent to Optimus Prime that the United States government has been less than forthright with them.",,,,/28YlCLrFhONteYSs9hKjD1Km0Cj.jpg,/h3js4rulxzKMOokM2oO5Kr0mBZU.jpg
2025-04-16,Rise of the Planet of the Apes,2011.0,https://boxd.it/cS4,4.0,61791.0,"Thriller, Action, Drama, Science Fiction","A highly intelligent chimpanzee named Caesar has been living a peaceful suburban life ever since he was born. But when he gets taken to a cruel primate facility, Caesar decides to revolt against those who have harmed him.",,,,/oqA45qMyyo1TtrnVEBKxqmTPhbN.jpg,/6cCF0KMUO2QmrVsQFujkQduREXX.jpg
2025-04-16,Thor,2011.0,https://boxd.it/1WQU,3.5,10195.0,"Adventure, Fantasy, Action","Against his father Odin's will, The Mighty Thor - a powerful but arrogant warrior god - recklessly reignites an ancient war. Thor is cast down to Earth and forced to live among humans as punishment. Once here, Thor learns what it takes to be a true hero when the most dangerous villain of his world sends the darkest forces of Asgard to invade Earth.",,,,/prSfAi1xGrhLQNxVSUFh61xQ4Qy.jpg,/cDJ61O1STtbWNBwefuqVrRe3d7l.jpg
2025-04-16,Iron Man 2,2010.0,https://boxd.it/1WZM,5.0,10138.0,"Adventure, Action, Science Fiction","With the world now aware of his dual life as the armored superhero Iron Man, billionaire inventor Tony Stark faces pressure from the government, the press and the public to share his technology with the military. Unwilling to let go of his invention, Stark, with Pepper Potts and James 'Rhodey' Rhodes at his side, must forge new alliances – and confront powerful enemies.",,,,/6WBeq4fCfn7AN0o21W9qNcRF2l9.jpg,/7lmBufEG7P7Y1HClYK3gCxYrkgS.jpg
2025-04-16,Transformers: Revenge of the Fallen,2009.0,https://boxd.it/20gG,4.0,8373.0,"Science Fiction, Action, Adventure","Sam Witwicky leaves the Autobots behind for a normal life. But when his mind is filled with cryptic symbols, the Decepticons target him and he is dragged back into the Transformers' war.",,,,/pLBb0whOzVDtJvyD4DPeQyQNOqp.jpg,/bH1bhjn37uA1zOPvyHbzJSvza7v.jpg
2025-04-16,Spider-Man 3,2007.0,https://boxd.it/2a7Y,4.0,559.0,"Action, Adventure, Science Fiction","The seemingly invincible Spider-Man goes up against an all-new crop of villains—including the shape-shifting Sandman. While Spider-Man’s superpowers are altered by an alien organism, his alter ego, Peter Parker, deals with nemesis Eddie Brock and also gets caught up in a love triangle.",,,,/sJMTTGjtjvrMZ7G0oP9D13wNUum.jpg,/FfAU0PUs8AJkMU2VbkVNFtRXR4.jpg
2025-04-16,Transformers,2007.0,https://boxd.it/280c,4.0,1858.0,"Adventure, Science Fiction, Action",Young teenager Sam Witwicky becomes involved in the ancient struggle between two extraterrestrial factions of transforming robots – the heroic Autobots and the evil Decepticons. Sam holds the clue to unimaginable power and the Decepticons will stop at nothing to retrieve it.,,,,/lkZ9gqCEjzX85lKR6Jjd1uGAXNp.jpg,/iCDMBi6WLjUBnt24dNwHqqF81UL.jpg
2025-04-16,Spider-Man 2,2004.0,https://boxd.it/2a88,5.0,558.0,"Action, Adventure, Science Fiction","Peter Parker is going through a major identity crisis. Burned out from being Spider-Man, he decides to shelve his superhero alter ego, which leaves the city suffering in the wake of carnage left by the evil Doc Ock. In the meantime, Parker still can't act on his feelings for Mary Jane Watson, a girl he's loved since childhood. A certain anger begins to brew in his best friend Harry Osborn as well...",,,,/aGuvNAaaZuWXYQQ6N2v7DeuP6mB.jpg,/6al048Lat3eLVQOuKtc9h6Tu94d.jpg
2025-04-16,The Matrix Revolutions,2003.0,https://boxd.it/2a12,4.5,605.0,"Adventure, Action, Thriller, Science Fiction",The human city of Zion defends itself against the massive invasion of the machines as Neo fights to end the war at another front while also opposing the rogue Agent Smith.,,,,/bkkS61w94ZVMNVd8KEyyJl2tnY5.jpg,/533xAMhhVyjTy8hwMUFEt5TuDfR.jpg
2025-04-16,The Matrix Reloaded,2003.0,https://boxd.it/2a1c,3.5,604.0,"Adventure, Action, Thriller, Science Fiction","The Resistance builds in numbers as humans are freed from the Matrix and brought to the city of Zion. Neo discovers his superpowers, including the ability to see the code inside the Matrix. With machine sentinels digging to Zion in 72 hours, Neo, Morpheus and Trinity must find the Keymaker to ultimately reach the Source.",,,,/aA5qHS0FbSXO8PxcxUIHbDrJyuh.jpg,/ihOJcrorpDQtHTzIOrobbOhpJsj.jpg
2025-04-16,Spider-Man,2002.0,https://boxd.it/2a8i,4.0,557.0,"Action, Science Fiction","After being bitten by a genetically altered spider at Oscorp, nerdy but endearing high school student Peter Parker is endowed with amazing powers to become the superhero known as Spider-Man.",,,,/or6XJBVpcEbIkma0V9zshnbEtx4.jpg,/zQ8AxTPiCiS5nnwXpwTBPBHSaa5.jpg
2025-04-16,The Matrix,1999.0,https://boxd.it/2a1m,4.0,603.0,"Action, Science Fiction","Set in the 22nd century, The Matrix tells the story of a computer hacker who joins a group of underground insurgents fighting the vast and powerful computers who now rule the earth.",,,,/dXNAPwY7VrqMAo51EKhhCJfaGb5.jpg,/tlm8UkiQsitc8rSuIAscQDCnP8d.jpg
2025-04-15,The Witch,2015.0,https://boxd.it/9X0m,4.0,310131.0,"Horror, Fantasy, Drama","In 1630, a farmer relocates his family to a remote plot of land on the edge of a forest where strange, unsettling things happen. With suspicion and paranoia mounting, each family member's faith, loyalty and love are tested in shocking ways.",,,,/zap5hpFCWSvdWSuPGAQyjUv2wAC.jpg,/zi2oYYNSSv7t44iSt5YrxHX9PYs.jpg
2025-04-14,Unfriended: Dark Web,2018.0,https://boxd.it/ifs0,4.0,505058.0,"Horror, Mystery","​When a 20-something finds a cache of hidden files on his new laptop, he and his friends are unwittingly thrust into the depths of the dark web. They soon discover someone has been watching their every move and will go to unimaginable lengths to protect the dark web.",,,,/nOXuOeD07nZPT29IgiGT0S8PZH.jpg,/2Dk9WG8R0PYlgZjo5F9iheKybpO.jpg
2025-04-13,Late Night with the Devil,2023.0,https://boxd.it/zo6G,4.5,938614.0,Horror,"A live broadcast of a late-night talk show in 1977 goes horribly wrong, unleashing evil into the nation's living rooms.",,,,/mu8LRWT9GHkfiyHm7kgxT6YNvMW.jpg,/umyOinNa6vqqnqoVc9QqzyaapUz.jpg
2025-04-13,The Flash,2023.0,https://boxd.it/9twC,3.0,298618.0,"Action, Science Fiction, Adventure","When his attempt to save his family inadvertently alters the future, Barry Allen becomes trapped in a reality in which General Zod has returned and there are no Super Heroes to turn to. In order to save the world that he is in and return to the future that he knows, Barry's only hope is to race for his life. But will making the ultimate sacrifice be enough to reset the universe?",,,,/rktDFPbfHfUbArZ6OOOKsXcv0Bm.jpg,/yF1eOkaYvwiORauRCPWznV9xVvi.jpg
2025-04-13,Ready Player One,2018.0,https://boxd.it/aZes,4.0,333339.0,"Adventure, Action, Science Fiction","When the creator of a popular video game system dies, a virtual contest is created to compete for his fortune.",,,,/pU1ULUq8D3iRxl1fdX2lZIzdHuI.jpg,/5a7lMDn3nAj2ByO0X1fg6BhUphR.jpg
2025-04-13,Ghostland,2018.0,https://boxd.it/h5Uw,4.0,476299.0,"Horror, Mystery, Thriller","A mother of two inherits a home from her aunt. On the first night in the new home she is confronted with murderous intruders and fights for her daughters’ lives. Sixteen years later the daughters reunite at the house, and that is when things get strange...",,,,/ma9gY6OikBev8MsMaeA6h2EIdGo.jpg,/oFyptNOx02o8sMcSsax4GSCAemg.jpg
2025-04-13,Gerald's Game,2017.0,https://boxd.it/buKa,3.5,343674.0,"Horror, Thriller","When her husband's sex game goes wrong, Jessie (who is handcuffed to a bed in a remote lake house) faces warped visions, dark secrets and a dire choice.",,,,/32dippiypDdaKv7XFEfUlQ7kPup.jpg,/t9HChjSJi8B1PXSVh5Ec3pcDsAM.jpg
2025-04-13,JoJo's Bizarre Adventure: Diamond Is Unbreakable – Chapter 1,2017.0,https://boxd.it/fiP6,3.0,431572.0,"Action, Adventure, Fantasy, Thriller","Morioh, 1999—a normally quiet and peaceful town has recently become a hotbed of strange activity. Jōtarō Kūjō, now a marine biologist, heads to the mysterious town to meet Jōsuke Higashikata. While the two may seem like strangers at first, Jōsuke is actually the illegitimate child of Jōtarō's grandfather, Joseph Joestar. When they meet, Jōtarō realizes that he may have more in common with Jōsuke than just a blood relation. Along with the mild-mannered Kōichi Hirose and the boisterous Okuyasu Nijimura, the group dedicates themselves to investigating recent disappearances and other suspicious occurrences within Morioh. Aided by the power of Stands, the four men will encounter danger at every street corner, as it is up to them to unravel the town's secrets, before another occurs.",,,,/sAfNSZ8Th0nb979e6ss5ftTT0Rh.jpg,/f72Z2VbNhtVjFlkBE6oDLYXrhzF.jpg
2025-04-13,Would You Rather,2012.0,https://boxd.it/3m0W,3.0,97051.0,"Thriller, Horror","Desperate to help her ailing brother, a young woman agrees to compete in a deadly game of ""Would You Rather"" hosted by a sadistic aristocrat.",,,,/7oXzvesOXH2UnSrd1Xflhqa1dBt.jpg,/uajiMg3Kx3zaHMW3xgqsHxz2VkH.jpg
2025-04-13,The Descent: Part 2,2009.0,https://boxd.it/1dOO,3.5,34480.0,"Adventure, Horror, Thriller","Distraught, confused, and half-wild with fear, Sarah Carter emerges alone from the Appalachian cave system where she encountered unspeakable terrors. Unable to plausibly explain to the authorities what happened - or why she's covered in her friends' blood - Sarah is forced back to the subterranean depths to help locate her five missing companions.",,,,/dOURlcw2MO0xys0Dl2NiAcUxlWA.jpg,/3i9UdfrkyLfQTefDmaYbEvH9HjP.jpg
2025-04-13,The Descent,2005.0,https://boxd.it/1YNy,4.0,9392.0,"Adventure, Horror","After a personal tragedy, Sarah joins her friends on a caving expedition in the Appalachian Mountains. But when a rockfall traps them deep underground, their adventure turns into a nightmare. As they search for a way out, the group discovers they are not alone—lurking in the darkness are savage, cave-dwelling creatures. With rising tension and dwindling trust, the women must fight to survive against both the predators and each other.",,,,/mxFPI4KYBk5ri9cPteIS8jiDFgj.jpg,/9T5D5RGuCsC6CeqYZJTv4rT4RPy.jpg
2025-04-13,The Shawshank Redemption,1994.0,https://boxd.it/2aHi,2.5,278.0,"Drama, Crime","Imprisoned in the 1940s for the double murder of his wife and her lover, upstanding banker Andy Dufresne begins a new life at the Shawshank prison, where he puts his accounting skills to work for an amoral warden. During his long stretch in prison, Dufresne comes to be admired by the other inmates -- including an older prisoner named Red -- for his integrity and unquenchable sense of hope.",,,,/9cqNxx0GxF0bflZmeSMuL5tnGzr.jpg,/zfbjgQE1uSd9wiPTX4VzsLi0rGG.jpg
2025-04-13,Schindler's List,1993.0,https://boxd.it/2aq2,5.0,424.0,"Drama, History, War",The true story of how businessman Oskar Schindler saved over a thousand Jewish lives from the Nazis while they worked as slaves in his factory during World War II.,,,,/sF1U4EUQS8YHUYjNl3pMGNIQyr0.jpg,/zb6fM1CX41D9rF9hdgclu0peUmy.jpg
2025-04-13,Not your classic horror,,https://letterboxd.com/sarthi_watcher/list/not-your-classic-horror/,3.0,,,,,,,,
2025-04-12,A Street Cat Named Bob,2016.0,https://boxd.it/edBw,4.5,404378.0,"Family, Drama","James Bowen, a homeless busker and recovering drug addict, has his life transformed when he meets a stray ginger cat.",,,,/nBYG0D2FcbL1m926sIj7RN4m0sb.jpg,/3YDuN1mhQpYtCym4QatX0gkHahL.jpg
2025-04-09,Primer,2004.0,https://boxd.it/6YA,4.0,14337.0,"Science Fiction, Drama, Thriller","A group of fledgling inventors discover a complex method to manipulate reality. At first, they successfully game the stock market with it, but the consequences of the invention start to catch up with them.",,,,/xEoq2WmDzpzxhkHEsmOYOg6BPg6.jpg,/blSQbKAreIqcu2AWGDNjR8k3fAy.jpg
2025-04-05,Godzilla × Kong: The New Empire,2024.0,https://boxd.it/v1PK,3.0,823464.0,"Action, Adventure, Science Fiction","Following their explosive showdown, Godzilla and Kong must reunite against a colossal undiscovered threat hidden within our world, challenging their very existence – and our own.",,,,/z1p34vh7dEOnLDmyCrlUVLuoDzd.jpg,/gvLG3Fnznkxl4SmYfcK8gUuqxM8.jpg
2025-04-05,Pacific Rim,2013.0,https://boxd.it/2cB2,3.5,68726.0,"Action, Science Fiction, Adventure","Using massive piloted robots to combat the alien threat, earth's survivors take the fight to the invading alien force lurking in the depths of the Pacific Ocean. Nearly defenseless in the face of the relentless enemy, the forces of mankind have no choice but to turn to two unlikely heroes who now stand as earth's final hope against the mounting apocalypse.",,,,/8wo4eN8dWKaKlxhSvBz19uvj8gA.jpg,/9X7Im1YuBhyHYVD8r7CAONPJR5k.jpg
2025-04-05,Liar Liar,1997.0,https://boxd.it/28sg,4.0,1624.0,Comedy,"Forced by his son's birthday wish, fast-talking attorney and habitual liar Fletcher Reede must tell the truth for the next 24 hours.",,,,/p1habYSdC7oD3WygQ5lynU5G5rV.jpg,/nuDMG0uTaiWFVD6XfHPruum5JOL.jpg
2025-04-05,The Mask,1994.0,https://boxd.it/29rS,4.0,854.0,"Romance, Comedy, Crime, Fantasy","Stanley Ipkiss, an insecure banker who has lost his zest for life stumbles upon an ancient mask, that turns him into a confident suave cartoon-like character who upsets his ordinary life.",,,,/jPC2eYub74zwf2tPGVtzSlBW6Oy.jpg,/bQlw59HncOXX9alFlOYKHAvSnm.jpg
2025-04-03,Oppenheimer,2023.0,https://boxd.it/wUow,4.5,872585.0,"Drama, History",The story of J. Robert Oppenheimer's role in the development of the atomic bomb during World War II.,,,,/8Gxv8gSFCU0XGDykEGv7zR1n2ua.jpg,/neeNHeXjMF5fXoCJRsOmkNGC7q.jpg
2025-04-01,Smile 2,2024.0,https://boxd.it/FDA4,3.5,1100782.0,"Horror, Mystery","About to embark on a new world tour, global pop sensation Skye Riley begins experiencing increasingly terrifying and inexplicable events. Overwhelmed by the escalating horrors and the pressures of fame, Skye is forced to face her dark past to regain control of her life before it spirals out of control.",,,,/ht8Uv9QPv9y7K0RvUyJIaXOZTfd.jpg,/iR79ciqhtaZ9BE7YFA1HpCHQgX4.jpg
2025-04-01,Fly Me to the Moon,2024.0,https://boxd.it/A7Xg,3.0,956842.0,"Romance, Comedy","Sparks fly in all directions as marketing maven Kelly Jones, brought in to fix NASA's public image, wreaks havoc on Apollo 11 launch director Cole Davis' already difficult task of putting a man on the moon. When the White House deems the mission too important to fail, Jones is directed to stage a fake moon landing as backup, and the countdown truly begins.",,,,/gjk8YdXpItoC1in53FCrZMFIuBx.jpg,/4ItXEyVPj6wb9AdhsltcqYE6f5f.jpg
2025-04-01,Smile,2022.0,https://boxd.it/xjfE,3.0,882598.0,"Horror, Mystery","After witnessing a bizarre, traumatic incident involving a patient, Dr. Rose Cotter starts experiencing frightening occurrences that she can't explain.",,,,/aPqcQwu4VGEewPhagWNncDbJ9Xp.jpg,/kMZIMqEXO5MFd5Y1Ha2jZZF4pvF.jpg
2025-04-01,Man of Steel,2013.0,https://boxd.it/FRk,4.0,49521.0,"Action, Adventure, Science Fiction","A young boy learns that he has extraordinary powers and is not of this earth. As a young man, he journeys to discover where he came from and what he was sent here to do. But the hero in him must emerge if he is to save the world from annihilation and become the symbol of hope for all mankind.",,,,/8GFtkImmK0K1VaUChR0n9O61CFU.jpg,/j2MlEEpA3wgwQiJB6p1UHC50oiw.jpg
2025-04-01,Project X,2012.0,https://boxd.it/neO,3.5,57214.0,Comedy,"Three high school seniors throw a party to make a name for themselves. As the night progresses, things spiral out of control as word of the party spreads.",,,,/lUPDGT3lyRrq8SvWuNWG2DP64bR.jpg,/cUqXHZtnptgvyAE1hN47Wsf3ami.jpg
2025-04-01,Superbad,2007.0,https://boxd.it/20hO,4.0,8363.0,Comedy,Two co-dependent high school seniors are forced to deal with separation anxiety after their plan to stage a booze-soaked party goes awry.,,,,/ek8e8txUyUwd2BNqj6lFEerJfbq.jpg,/coru98UcFBzJIU7bxZguxaePgu0.jpg
2025-04-01,Superman Returns,2006.0,https://boxd.it/28J2,4.0,1452.0,"Science Fiction, Action, Adventure","Superman returns to discover his 5-year absence has allowed Lex Luthor to walk free, and that those he was closest to felt abandoned and have moved on. Luthor plots his ultimate revenge that could see millions killed and change the face of the planet forever, as well as ridding himself of the Man of Steel.",,,,/385XwTQZDpRX2d3kxtnpiLrjBXw.jpg,/8eRscFbRYl681zDfkjv1jjW1KAA.jpg
2025-04-01,Superman IV: The Quest for Peace,1987.0,https://boxd.it/1TUk,2.0,11411.0,"Action, Adventure, Science Fiction","With global superpowers engaged in an increasingly hostile arms race, Superman leads a crusade to rid the world of nuclear weapons. But Lex Luthor, recently sprung from jail, is declaring war on the Man of Steel and his quest to save the planet. Using a strand of Superman's hair, Luthor synthesizes a powerful ally known as Nuclear Man and ignites an epic battle spanning Earth and space.",,,,/nJFBeU1oKIaIoLVyQYUeB36DW55.jpg,/pMNlspaO16rf3eBlqrCwaKFOUlz.jpg
2025-04-01,Superman III,1983.0,https://boxd.it/1YrM,3.0,9531.0,"Comedy, Science Fiction, Action, Adventure","Aiming to defeat the Man of Steel, wealthy executive Ross Webster hires bumbling but brilliant Gus Gorman to develop synthetic kryptonite, which yields some unexpected psychological effects. Between rekindling romance with his high school sweetheart and saving himself, Superman must contend with a powerful supercomputer.",,,,/c4oR6qgZW2s5foGkQi2Dd86KuAS.jpg,/ui3oiC5mdwxTPZSLBvqoBqckTQ4.jpg
2025-04-01,Superman II,1980.0,https://boxd.it/204q,3.0,8536.0,"Science Fiction, Action, Adventure","Three Kryptonian criminals led by General Zod team up with Lex Luthor to conquer Earth, forcing a depowered Superman to regain his strength and stop them.",,,,/3xk5cno9BHcnwc97XO9k21aI1Zi.jpg,/e77VeVcrXhxfCdJWD9rameYn7Qn.jpg
2025-04-01,Superman,1978.0,https://boxd.it/27Qm,4.0,1924.0,"Science Fiction, Action, Adventure","Mild-mannered Clark Kent works as a reporter at the Daily Planet alongside his crush, Lois Lane. Clark must summon his superhero alter-ego when the nefarious Lex Luthor launches a plan to take over the world.",,,,/d7px1FQxW4tngdACVRsCSaZq0Xl.jpg,/p2zBTOd4JdmNhkRWHmjKg7hk3s1.jpg
2025-03-29,Rescued by Ruby,2022.0,https://boxd.it/yIpc,4.5,921655.0,"Family, Drama","Chasing his dream to join an elite K-9 unit, a state trooper partners with a fellow underdog: clever but naughty shelter pup Ruby. Based on a true story.",,,,/tPlJEodEn0SSV4avo8KSawtlTlN.jpg,/zQG1FYDqoWo2hYhE5GVZ1yrWSfh.jpg
2025-03-28,Bad Boys: Ride or Die,2024.0,https://boxd.it/l3Ki,3.0,573435.0,"Action, Comedy, Crime, Thriller, Adventure","After their late former Captain is framed, Lowrey and Burnett try to clear his name, only to end up on the run themselves.",,,,/oGythE98MYleE6mZlGs5oBGkux1.jpg,/3q01ACG0MWm0DekhvkPFCXyPZSu.jpg
2025-03-28,The Tragedy of Macbeth,2021.0,https://boxd.it/lMi4,3.5,591538.0,Drama,"Macbeth, the Thane of Glamis, receives a prophecy from a trio of witches that one day he will become King of Scotland. Consumed by ambition and spurred to action by his wife, Macbeth murders his king and takes the throne for himself.",,,,/tDNJEhcLbX3jIk3BMCur9pCdaVD.jpg,/lMjY6kMBOHhloz2Ul16fLJn8xuw.jpg
2025-03-28,Bad Boys for Life,2020.0,https://boxd.it/15pc,3.5,38700.0,"Thriller, Action, Crime","Marcus and Mike are forced to confront new threats, career changes, and midlife crises as they join the newly created elite team AMMO of the Miami police department to take down the ruthless Armando Armas, the vicious leader of a Miami drug cartel.",,,,/y95lQLnuNKdPAzw9F9Ab8kJ80c3.jpg,/eAIHqfS3kXm7kZl4j7ZBfdegyEz.jpg
2025-03-28,Pixels,2015.0,https://boxd.it/7BaA,3.0,257344.0,"Action, Comedy, Science Fiction",Video game experts are recruited by the military to fight 1980s-era video game characters who've attacked New York.,,,,/d26S5EfVXLNxRXqyFy1yyl3qRq3.jpg,/6UFnKzVzFqKDjs4iCVLJdneK3ch.jpg
2025-03-28,Predestination,2014.0,https://boxd.it/6bJM,5.0,206487.0,"Science Fiction, Thriller","Predestination chronicles the life of a Temporal Agent sent on an intricate series of time-travel journeys designed to prevent future killers from committing their crimes. Now, on his final assignment, the Agent must stop the one criminal that has eluded him throughout time and prevent a devastating attack in which thousands of lives will be lost.",,,,/38Xr1JnV1ZcLQ55zmdSp6n475cZ.jpg,/cvq9cRMDJIGzNpHaPVGFftqPcLj.jpg
2025-03-28,Bad Boys II,2003.0,https://boxd.it/1ZuW,4.5,8961.0,"Action, Crime, Comedy","Detectives Marcus Burnett and Mike Lowrey of the Miami Narcotics Task Force are tasked with stopping the flow of the drug Ecstasy into Miami. They track the drugs to the whacked-out Cuban drug lord Johnny Tapia, who is also involved in a bloody war with Russian and Haitian mobsters. If that isn't bad enough, there's tension between the two detectives when Marcus discovers that playboy Mike is secretly romancing Marcus’ sister, Syd.",,,,/yCvB5fG5aEPqa1St7ihY6KEAsHD.jpg,/gxSVZCUlDd8upT1G2wdrUdz2hxG.jpg
2025-03-28,8 Mile,2002.0,https://boxd.it/2bew,5.0,65.0,"Drama, Music","For Jimmy Smith, Jr., life is a daily fight just to keep hope alive. Feeding his dreams in Detroit's vibrant music scene, Jimmy wages an extraordinary personal struggle to find his own voice - and earn a place in a world where rhymes rule, legends are born and every moment… is another chance.",,,,/7BmQj8qE1FLuLTf7Xjf9sdIHzoa.jpg,/jNG7pl0DkN1nzxnbZj4MCGf2VEG.jpg
2025-03-28,Training Day,2001.0,https://boxd.it/27A4,4.0,2034.0,"Action, Crime, Drama","On his first day on the job as a narcotics officer, a rookie cop works with a rogue detective who isn't what he appears.",,,,/bUeiwBQdupBLQthMCHKV7zv56uv.jpg,/nuO8o9ltxhI7AZQxePavEZ4TyHa.jpg
2025-03-28,Memento,2000.0,https://boxd.it/2bcK,4.5,77.0,"Mystery, Thriller","Leonard Shelby is tracking down the man who raped and murdered his wife. The difficulty of locating his wife's killer, however, is compounded by the fact that he suffers from a rare, untreatable form of short-term memory loss. Although he can recall details of life before his accident, Leonard cannot remember what happened fifteen minutes ago, where he's going, or why.",,,,/nzlv62aC0octS5AklAiWpXLX9Z0.jpg,/7Wev9JMo6R5XAfz2KDvXb7oPMmy.jpg
2025-03-28,Bad Boys,1995.0,https://boxd.it/1XVG,4.0,9737.0,"Action, Comedy, Crime, Thriller","Marcus Burnett is a henpecked family man. Mike Lowrey is a footloose and fancy free ladies' man. Both Miami policemen, they have 72 hours to reclaim a consignment of drugs stolen from under their station's nose. To complicate matters, in order to get the assistance of the sole witness to a murder, they have to pretend to be each other.",,,,/x1ygBecKHfXX4M2kRhmFKWfWbJc.jpg,/wOLTJxfv98miIQcn0oNXq9fIgXM.jpg
2025-03-23,Transformers One,2024.0,https://boxd.it/q7bc,4.5,698687.0,"Animation, Science Fiction, Adventure, Family","The untold origin story of Optimus Prime and Megatron, better known as sworn enemies, but once were friends bonded like brothers who changed the fate of Cybertron forever.",,,,/iRCgqpdVE4wyLQvGYU3ZP7pAtUc.jpg,/cMfokHWle5lfCreoV08cbmkKv6G.jpg
2025-03-23,Babylon,2022.0,https://boxd.it/mM02,4.0,615777.0,"Drama, Comedy","A tale of outsized ambition and outrageous excess, tracing the rise and fall of multiple characters in an era of unbridled decadence and depravity during Hollywood's transition from silent films to sound films in the late 1920s.",,,,/wjOHjWCUE0YzDiEzKv8AfqHj3ir.jpg,/5fxTB08O7CW1hAcN2MWOKodp1h1.jpg
2025-03-23,Sonic the Hedgehog 2,2022.0,https://boxd.it/pb8O,2.5,675353.0,"Action, Adventure, Family, Comedy","After settling in Green Hills, Sonic is eager to prove he has what it takes to be a true hero. His test comes when Dr. Robotnik returns, this time with a new partner, Knuckles, in search for an emerald that has the power to destroy civilizations. Sonic teams up with his own sidekick, Tails, and together they embark on a globe-trotting journey to find the emerald before it falls into the wrong hands.",,,,/6DrHO1jr3qVrViUO6s6kFiAGM7.jpg,/xuLA0pii2IMJW2puT7EvJtgpg0H.jpg
2025-03-23,Ford v Ferrari,2019.0,https://boxd.it/ce74,4.5,359724.0,"Drama, Action, History","American car designer Carroll Shelby and the British-born driver Ken Miles work together to battle corporate interference, the laws of physics, and their own personal demons to build a revolutionary race car for Ford Motor Company and take on the dominating race cars of Enzo Ferrari at the 24 Hours of Le Mans in France in 1966.",,,,/dR1Ju50iudrOh3YgfwkAU1g2HZe.jpg,/2vq5GTJOahE03mNYZGxIynlHcWr.jpg
2025-03-23,Once Upon a Time... in Hollywood,2019.0,https://boxd.it/gH0O,4.0,466272.0,"Comedy, Drama, Thriller","Los Angeles, 1969. TV star Rick Dalton, a struggling actor specializing in westerns, and stuntman Cliff Booth, his best friend, try to survive in a constantly changing movie industry. Dalton is the neighbor of the young and promising actress and model Sharon Tate, who has just married the prestigious Polish director Roman Polanski…",,,,/8j58iEBw9pOXFD2L0nt0ZXeHviB.jpg,/xwgBHC2FgoIrQitl8jZwXXdsR9u.jpg
2025-03-23,A Million Ways to Die in the West,2014.0,https://boxd.it/5H9k,3.0,188161.0,"Comedy, Western","As a cowardly farmer begins to fall for the mysterious new woman in town, he must put his new-found courage to the test when her husband, a notorious gun-slinger, announces his arrival.",,,,/n9SicwnoNGWBwE75le27sUhCLMm.jpg,/5ZDM988DfYLFPBqy4CNvQ9AXnp4.jpg
2025-03-23,Real Steel,2011.0,https://boxd.it/147m,3.5,39254.0,"Action, Science Fiction, Drama","Charlie Kenton is a washed-up fighter who retired from the ring when robots took over the sport. After his robot is trashed, he reluctantly teams up with his estranged son to rebuild and train an unlikely contender.",,,,/4GIeI5K5YdDUkR3mNQBoScpSFEf.jpg,/pjlxrd646cBYznHoPBWTzz6FujX.jpg
2025-03-23,The Prestige,2006.0,https://boxd.it/293w,5.0,1124.0,"Drama, Mystery, Science Fiction","A mysterious story of two magicians whose intense rivalry leads them on a life-long battle for supremacy -- full of obsession, deceit and jealousy with dangerous and deadly consequences.",,,,/Ag2B2KHKQPukjH7WutmgnnSNurZ.jpg,/z3br1ub7spqGMkxgjgJSdM4DC21.jpg
2025-03-23,Fight Club,1999.0,https://boxd.it/2a9q,5.0,550.0,"Drama, Thriller","A ticking-time-bomb insomniac and a slippery soap salesman channel primal male aggression into a shocking new form of therapy. Their concept catches on, with underground ""fight clubs"" forming in every town, until an eccentric gets in the way and ignites an out-of-control spiral toward oblivion.",,,,/jSziioSwPVrOy9Yow3XhWIBDjq1.jpg,/c6OLXfKAk5BKeR6broC8pYiCquX.jpg
2025-03-22,Flow,2024.0,https://boxd.it/v1Ei,5.0,1281775.0,Animation,"As the ‘flow’ progresses, the world where our ‘giant’ once stood gradually fades away, replaced by their inner worlds. Our ‘giant’ continues to advance endlessly, questioning the relationship between the world and oneself.",,,,/ggFrFg3l2FPOIkwgsXZDzEQ5nrg.jpg,
2025-03-22,Nosferatu,2024.0,https://boxd.it/f5eG,5.0,426063.0,"Horror, Fantasy","A gothic tale of obsession between a haunted young woman and the terrifying vampire infatuated with her, causing untold horror in its wake.",,,,/5qGIxdEO841C0tdY8vOdLoRVrr0.jpg,/2gAStVyyv9C3BSEKhP0a1aM3Qy9.jpg
2025-03-22,Dune: Part Two,2024.0,https://boxd.it/pUfA,5.0,693134.0,"Science Fiction, Adventure","Follow the mythic journey of Paul Atreides as he unites with Chani and the Fremen while on a path of revenge against the conspirators who destroyed his family. Facing a choice between the love of his life and the fate of the known universe, Paul endeavors to prevent a terrible future only he can foresee.",,,,/6izwz7rsy95ARzTR3poZ8H6c5pp.jpg,/eZ239CUp1d6OryZEBPnO2n87gMG.jpg
2025-03-22,Deadpool & Wolverine,2024.0,https://boxd.it/jq8s,4.5,533535.0,"Action, Comedy, Science Fiction","A listless Wade Wilson toils away in civilian life with his days as the morally flexible mercenary, Deadpool, behind him. But when his homeworld faces an existential threat, Wade must reluctantly suit-up again with an even more reluctant Wolverine.",,,,/8cdWjvZQUExUUTzyp4t6EDMubfO.jpg,/by8z9Fe8y7p4jo2YlW2SZDnptyT.jpg
2025-03-22,The Substance,2024.0,https://boxd.it/zanS,4.0,933260.0,"Horror, Science Fiction, Thriller","A fading celebrity decides to use a black market drug, a cell-replicating substance that temporarily creates a younger, better version of herself.",,,,/uYJvxMWMb9W4zIY3cbM50sj3dpC.jpg,/bVSOgrxasVJF6V71T7v2KfBRSzu.jpg
2025-03-22,Wolfs,2024.0,https://boxd.it/x6zG,3.5,877817.0,"Crime, Comedy","Hired to cover up a high-profile crime, a fixer soon finds his night spiralling out of control when he's forced to work with an unexpected counterpart.",,,,/vOX1Zng472PC2KnS0B9nRfM8aaZ.jpg,/nSVwus6Vcnw06zqKAa1ioacrpUF.jpg
2025-03-22,The Ministry of Ungentlemanly Warfare,2024.0,https://boxd.it/u5zu,3.5,799583.0,"Action, Comedy, War","During World War II, the British Army assigns a group of competent soldiers to carry out a mission against the Nazi forces behind enemy lines... A true story about a secret British WWII organization — the Special Operations Executive. Founded by Winston Churchill, their irregular warfare against the Germans helped to change the course of the war, and gave birth to modern black operations.",,,,/8aF0iAKH9MJMYAZdi0Slg77RYa2.jpg,/hm21I7yc6oYBogTloET3eXsVPlq.jpg
2025-03-22,Babygirl,2024.0,https://boxd.it/Fvai,1.5,1097549.0,"Romance, Thriller",A high-powered CEO puts her career and family on the line when she begins a torrid affair with her much younger intern.,,,,/ilwO6elz3mLV9CToT7C8pjVeKX0.jpg,/s7vWRjcfRVMW8tBIxhC3UhKxRoo.jpg
2025-03-22,Spider-Man: Across the Spider-Verse,2023.0,https://boxd.it/kSz4,4.5,569094.0,"Animation, Action, Adventure, Science Fiction","After reuniting with Gwen Stacy, Brooklyn’s full-time, friendly neighborhood Spider-Man is catapulted across the Multiverse, where he encounters the Spider Society, a team of Spider-People charged with protecting the Multiverse's very existence. But when the heroes clash on how to handle a new threat, Miles finds himself pitted against the other Spiders and must set out on his own to save those he loves most.",,,,/8Vt6mWEReuy4Of61Lnj5Xj704m8.jpg,/kVd3a9YeLGkoeR50jGEXM6EqseS.jpg
2025-03-22,Dune,2021.0,https://boxd.it/fA7G,4.0,438631.0,"Science Fiction, Adventure","Paul Atreides, a brilliant and gifted young man born into a great destiny beyond his understanding, must travel to the most dangerous planet in the universe to ensure the future of his family and his people. As malevolent forces explode into conflict over the planet's exclusive supply of the most precious resource in existence-a commodity capable of unlocking humanity's greatest potential-only those who can conquer their fear will survive.",,,,/v1tRXZ4JtD2Iv6fjkPvT4GiwslV.jpg,/h3HsfV8Kn9Sz2QWUYYdP5ya23hx.jpg
2025-03-22,Spider-Man: Into the Spider-Verse,2018.0,https://boxd.it/azpY,4.0,324857.0,"Animation, Action, Adventure, Science Fiction","Struggling to find his place in the world while juggling school and family, Brooklyn teenager Miles Morales is unexpectedly bitten by a radioactive spider and develops unfathomable powers just like the one and only Spider-Man. While wrestling with the implications of his new abilities, Miles discovers a super collider created by the madman Wilson ""Kingpin"" Fisk, causing others from across the Spider-Verse to be inadvertently transported to his dimension.",,,,/iiZZdoQBEYBv6id8su7ImL0oCbD.jpg,/8mnXR9rey5uQ08rZAvzojKWbDQS.jpg
2025-03-22,Get Out,2017.0,https://boxd.it/eOCm,4.5,419430.0,"Mystery, Thriller, Horror","Chris and his girlfriend Rose go upstate to visit her parents for the weekend. At first, Chris reads the family's overly accommodating behavior as nervous attempts to deal with their daughter's interracial relationship, but as the weekend progresses, a series of increasingly disturbing discoveries lead him to a truth that he never could have imagined.",,,,/tFXcEccSQMf3lfhfXKSU9iRBpa3.jpg,/bBQHALHRAaaORlPNXv7fNcRXYdx.jpg
2025-03-22,The Imitation Game,2014.0,https://boxd.it/6aig,5.0,205596.0,"History, Drama, Thriller, War","Based on the real life story of legendary cryptanalyst Alan Turing, the film portrays the nail-biting race against time by Turing and his brilliant team of code-breakers at Britain's top-secret Government Code and Cypher School at Bletchley Park, during the darkest days of World War II.",,,,/zSqJ1qFq8NXFfi7JeIYMlzyR0dx.jpg,/usuRn9DUKQQr4nBWnrQzlOuZ1Q4.jpg
2025-03-22,Interstellar,2014.0,https://boxd.it/4VZ8,5.0,157336.0,"Adventure, Drama, Science Fiction",The adventures of a group of explorers who make use of a newly discovered wormhole to surpass the limitations on human space travel and conquer the vast distances involved in an interstellar voyage.,,,,/yQvGrMoipbRoddT0ZR8tPoR7NfX.jpg,/vgnoBSVzWAV9sNQUORaDGvDp7wx.jpg
2025-03-22,Gone Girl,2014.0,https://boxd.it/6hQu,4.0,210577.0,"Mystery, Thriller, Drama","With his wife's disappearance having become the focus of an intense media circus, a man sees the spotlight turned on him when it's suspected that he may not be innocent.",,,,/ts996lKsxvjkO2yiYG0ht4qAicO.jpg,/iWak7wT0j6ycCc8lKr4NBz9c7n5.jpg
2025-03-22,Django Unchained,2012.0,https://boxd.it/2cCk,4.5,68718.0,"Drama, Western","With the help of a German bounty hunter, a freed slave sets out to rescue his wife from a brutal Mississippi plantation owner.",,,,/7oWY8VDWW7thTzWh3OKYRkWUlD5.jpg,/2oZklIzUbvZXXzIFzv7Hi68d6xf.jpg
2025-03-22,Shutter Island,2010.0,https://boxd.it/1U82,5.0,11324.0,"Drama, Thriller, Mystery","World War II soldier-turned-U.S. Marshal Teddy Daniels investigates the disappearance of a patient from a hospital for the criminally insane, but his efforts are compromised by troubling visions and a mysterious doctor.",,,,/nrmXQ0zcZUL8jFLrakWc90IR8z9.jpg,/rbZvGN1A1QyZuoKzhCw8QPmf2q0.jpg
2025-03-22,Inception,2010.0,https://boxd.it/1skk,4.0,27205.0,"Action, Science Fiction, Adventure","Cobb, a skilled thief who commits corporate espionage by infiltrating the subconscious of his targets is offered a chance to regain his old life as payment for a task considered to be impossible: ""inception"", the implantation of another person's idea into a target's subconscious.",,,,/xlaY2zyzMfkhk0HSC5VUwzoZPU1.jpg,/8ZTVqvKDQ8emSGUEMjsS4yHAwrp.jpg
2025-03-22,Inglourious Basterds,2009.0,https://boxd.it/1JzG,4.5,16869.0,"Drama, Thriller, War","In Nazi-occupied France during World War II, a group of Jewish-American soldiers known as ""The Basterds"" are chosen specifically to spread fear throughout the Third Reich by scalping and brutally killing Nazis. The Basterds, lead by Lt. Aldo Raine soon cross paths with a French-Jewish teenage girl who runs a movie theater in Paris which is targeted by the soldiers.",,,,/aupnPtagH9JVBuMrGEanf4iqXEQ.jpg,/hwNtEmmugU5Yd7hpfprNWI0DGIn.jpg
2025-03-22,No Country for Old Men,2007.0,https://boxd.it/21ew,4.0,6977.0,"Crime, Thriller, Western","Llewelyn Moss stumbles upon dead bodies, $2 million and a hoard of heroin in a Texas desert, but methodical killer Anton Chigurh comes looking for it, with local sheriff Ed Tom Bell hot on his trail. The roles of prey and predator blur as the violent pursuit of money and justice collide.",,,,/6d5XOczc226jECq0LIX0siKtgHR.jpg,/gddUsvfyySrM5k8B8wwJy2VRlBx.jpg
2025-03-22,Eternal Sunshine of the Spotless Mind,2004.0,https://boxd.it/6YK,5.0,38.0,"Science Fiction, Drama, Romance","Joel Barish, heartbroken that his girlfriend underwent a procedure to erase him from her memory, decides to do the same. However, as he watches his memories of her fade away, he realises that he still loves her, and may be too late to correct his mistake.",,,,/5MwkWH9tYHv3mV9OdYTMR5qreIz.jpg,/W1ffLQGHoxfAOq0ZYdPtJlvAdb.jpg
2025-03-22,Kill Bill: Vol. 2,2004.0,https://boxd.it/2au4,4.5,393.0,"Action, Crime, Thriller","The Bride unwaveringly continues on her roaring rampage of revenge against the band of assassins who had tried to kill her and her unborn child. She visits each of her former associates one-by-one, checking off the victims on her Death List Five until there's nothing left to do … but kill Bill.",,,,/2yhg0mZQMhDyvUQ4rG1IZ4oIA8L.jpg,/pgG6tzJzC8mjGqhaT8IWwEk00xf.jpg
2025-03-22,Kill Bill: Vol. 1,2003.0,https://boxd.it/70w,4.0,24.0,"Action, Crime","An assassin is shot by her ruthless employer, Bill, and other members of their assassination circle – but she lives to plot her vengeance.",,,,/v7TaX8kXMXs5yFFGR41guUDNcnB.jpg,/iffzIhuLAO38Po6sh1s6ZEVwlNL.jpg
2025-03-22,Lost in Translation,2003.0,https://boxd.it/2b0E,3.5,153.0,"Drama, Comedy, Romance","Two lost souls visiting Tokyo -- the young, neglected wife of a photographer and a washed-up movie star shooting a TV commercial -- find an odd solace and pensive freedom to be real in each other's company, away from their lives in America.",,,,/3jCLmYDIIiSMPujbwygNpqdpM8N.jpg,/6ITVHoipvxAS8luzKtHTbPaHLtT.jpg
2025-03-22,Donnie Darko,2001.0,https://boxd.it/2b2A,4.5,141.0,"Fantasy, Drama, Mystery","After narrowly escaping a bizarre accident, a troubled teenager is plagued by visions of a large bunny rabbit that manipulates him to commit a series of crimes.",,,,/j2AtZFsflxiluaNtajMTI0Avm8C.jpg,/msCHK5Kh1YbdZ0zPJ2nzPUhhSN9.jpg
2025-03-22,Eyes Wide Shut,1999.0,https://boxd.it/2axs,3.5,345.0,"Drama, Thriller, Mystery","After Dr. Bill Harford's wife, Alice, admits to having sexual fantasies about a man she met, Bill becomes obsessed with having a sexual encounter. He discovers an underground sexual group and attends one of their meetings -- and quickly discovers that he is in over his head.",,,,/knEIz1eNGl5MQDbrEAVWA7iRqF9.jpg,/aC6wW62V6b0csr5iUnbOjYAqfhg.jpg
2025-03-22,The Truman Show,1998.0,https://boxd.it/18U8,5.0,37165.0,"Comedy, Drama",An insurance salesman begins to suspect that his whole life is actually some sort of reality TV show.,,,,/vuza0WqY239yBXOadKlGwJsZJFE.jpg,/rmiG2uwcNoGFmBKMoa1pIcf514L.jpg
2025-03-22,Se7en,1995.0,https://boxd.it/29zs,4.5,807.0,"Crime, Mystery, Thriller","Two homicide detectives are on a desperate hunt for a serial killer whose crimes are based on the ""seven deadly sins"" in this dark and haunting film that takes viewers from the tortured remains of one victim to the next. The seasoned Det. Somerset researches each sin in an effort to get inside the killer's mind, while his novice partner, Mills, scoffs at his efforts to unravel the case.",,,,/191nKfP0ehp3uIvWqgPbFmI4lv9.jpg,/i5H7zusQGsysGQ8i6P361Vnr0n2.jpg
2025-03-22,Pulp Fiction,1994.0,https://boxd.it/29Pq,4.5,680.0,"Thriller, Crime, Comedy","A burger-loving hit man, his philosophical partner, a drug-addled gangster's moll and a washed-up boxer converge in this sprawling, comedic crime caper. Their adventures unfurl in three stories that ingeniously trip back and forth in time.",,,,/vQWk5YBFWF4bZaofAbv0tShwBvQ.jpg,/suaEOtk1N1sgg2MTM7oZd2cfVp3.jpg
2025-03-22,Back to the Future Part III,1990.0,https://boxd.it/2aTS,3.5,196.0,"Adventure, Comedy, Science Fiction","The final installment finds Marty digging the trusty DeLorean out of a mineshaft and looking for Doc in the Wild West of 1885. But when their time machine breaks down, the travelers are stranded in a land of spurs. More problems arise when Doc falls for pretty schoolteacher Clara Clayton, and Marty tangles with Buford Tannen.",,,,/crzoVQnMzIrRfHtQw0tLBirNfVg.jpg,/AtF7TESJEMmImBRUj9Z7HmW2ZH0.jpg
2025-03-22,Nosferatu,1922.0,https://boxd.it/29TM,3.5,653.0,"Horror, Fantasy","The mysterious Count Orlok summons a happily married real estate agent to his castle, located up in the Transylvanian mountains, to finalise a terrifying deal.",,,,/zv7J85D8CC9qYagAEhPM63CIG6j.jpg,/cA9iGtvjRGJHzDBfrq48l0eyCvA.jpg
2025-03-21,Anora,2024.0,https://boxd.it/Egcw,3.5,1064213.0,"Drama, Comedy, Romance","A young sex worker from Brooklyn gets her chance at a Cinderella story when she meets and impulsively marries the son of an oligarch. Once the news reaches Russia, her fairytale is threatened as his parents set out to get the marriage annulled.",,,,/cgXk2tNYhJZLXdBDO5DidAVzQ82.jpg,/qvyOfwTC3qdbzkqdXWSSEMHtjBZ.jpg
2022-12-09,The Batman,2022.0,https://boxd.it/eDGs,5.0,414906.0,"Crime, Mystery, Thriller","In his second year of fighting crime, Batman uncovers corruption in Gotham City that connects to his own family while facing a serial killer known as the Riddler.",,,,/74xTEgt7R36Fpooo50r9T25onhq.jpg,/IYUD7rAIXzBM91TT3Z5fILUS7n.jpg
2022-08-10,Minions: The Rise of Gru,2022.0,https://boxd.it/fz9w,3.0,438148.0,"Family, Comedy, Adventure, Animation, Science Fiction, Fantasy","A fanboy of a supervillain supergroup known as the Vicious 6, Gru hatches a plan to become evil enough to join them, with the backup of his followers, the Minions.",,,,/wKiOkZTN9lUUUNZLmtnwubZYONg.jpg,/wZS4xSfPtk1NPQnx9zsT5R2WhCu.jpg
2022-08-10,Doctor Strange in the Multiverse of Madness,2022.0,https://boxd.it/gaTc,2.5,453395.0,"Fantasy, Action, Adventure","Doctor Strange, with the help of mystical allies both old and new, traverses the mind-bending and dangerous alternate realities of the Multiverse to confront a mysterious new adversary.",,,,/ddJcSKbcp4rKZTmuyWaMhuwcfMz.jpg,/lv3TXqhpaIxkclIHbhN2MRMOemQ.jpg
2022-08-10,Spider-Man: No Way Home,2021.0,https://boxd.it/nwRw,4.5,634649.0,"Action, Adventure, Science Fiction","Peter Parker is unmasked and no longer able to separate his normal life from the high-stakes of being a super-hero. When he asks for help from Doctor Strange the stakes become even more dangerous, forcing him to discover what it truly means to be Spider-Man.",,,,/1g0dhYtq4irTY1GPXvft6k4YLjm.jpg,/uyrOU4BDm2kbVxFsMiDFIHDhc4d.jpg
2022-02-11,Iron Man,2008.0,https://boxd.it/28dA,5.0,1726.0,"Action, Science Fiction, Adventure","After being held captive in an Afghan cave, billionaire engineer Tony Stark creates a unique weaponized suit of armor to fight evil.",,,,/78lPtwv72eTNqFW9COBYI0dWDJa.jpg,/cKvDv2LpwVEqbdXWoQl4XgGN6le.jpg
,Citizen Vigilante,2026.0,,3.5,1413976.0,,,,,,/6LmJD3Wohe0g4U62wgi7RyJqfE4.jpg,/qJ2KSHJhlFvASBMLbGuP7OFMaFg.jpg
,Masters of the Universe,2026.0,,3.5,454639.0,,,,,,/oRuyGUHdoaQxWP3SDfafGkStxTC.jpg,/yQIdU11DYQQp0neGtGtGxbGfRer.jpg
,The Punisher: One Last Kill,2026.0,,3.5,1439930.0,,,,,,/qQclTgLMDvGBuUBFGHRipxkEwWR.jpg,/qO55CD8tgVL1T4WKn6zYFFiD6lL.jpg
,The Roast of Kevin Hart,2026.0,,3.5,1658982.0,,,,,,/wRPgZUWMZ8fFszfduEPdKa4Mmwm.jpg,/bDwOkqwRFDoGxUzyIe6KUSmye5e.jpg
,Mortal Kombat II,2026.0,,3.5,931285.0,"Action, Fantasy, Adventure","The fan favorite champions—now joined by Johnny Cage himself—are pitted against one another in the ultimate, no-holds barred, gory battle to defeat the dark rule of Shao Kahn that threatens the very existence of the Earthrealm and its defenders.",Simon McQuoid,"Karl Urban, Adeline Rudolph, Jessica McNamee","martial arts, magic, ninja fighter, gore, sequel, god, alternate dimension, ninja, fighting, based on video game, martial arts tournament, struggling actor, hand to hand combat, aggressive, amused",/hwRdDFIhaEmpRgoki805YvyyjZf.jpg,/4EAAwpylq313qrDqpCxulUrXBNF.jpg
,The Sheep Detectives,2026.0,,3.5,1301421.0,"Comedy, Family, Mystery","George Hardy is a shepherd who reads detective novels to his beloved sheep every night, assuming they can't possibly understand. But when a mysterious incident disrupts life on the farm, the sheep realize they must become the detectives. As they follow the clues and investigate human suspects, they prove that even sheep can be brilliant crime-solvers.",Kyle Balda,"Hugh Jackman, Nicholas Braun, Nicholas Galitzine","shepherd, based on novel or book, investigation, murder, aftercreditsstinger, murder mystery, investigate, talking animal, inspirational, adoring, whodunnit, animal adventure, bumbling detective",/iKy5460GdsoknM8ppmGlJbKxAKa.jpg,/a8uQvrplTkhGJQog6GZ6CqF8An6.jpg
,Bhooth Bangla,2026.0,,3.5,1239134.0,,,,,,/ArIS4vwUxdhm3j7tsTHmffdfU8W.jpg,/A2tzVTVtnTvpji96IZmleN78KKv.jpg
,Michael,2026.0,,3.5,936075.0,"Music, Drama","The story of Michael Jackson, one of the most influential artists the world has ever known, and his life beyond the music. His journey from the discovery of his extraordinary talent as the lead of the Jackson Five, to the visionary artist whose creative ambition fueled a relentless pursuit to become the biggest entertainer in the world, highlighting both his life off-stage and some of the most iconic performances from his early solo career.",Antoine Fuqua,"Jaafar Jackson, Colman Domingo, Nia Long","child abuse, sibling relationship, 1970s, abusive father, ambition, biography, based on true story, singer, period drama, music history, price of fame, singer-songwriter, rise to fame, 1980s, 1960s, music, biographical drama, music drama, biopic",/2AvgnCwCakNiJqWZqaQhdGjWNey.jpg,/ufSwlnECLoUbBjPrFqEQcWBzHwc.jpg
,Border 2,2026.0,,3.5,1213898.0,,,,,,/AmrCgmDPEJ6QxllS1rhjYwgO9Wb.jpg,/nusKn1Kkjz4NsAKXBswjJVOwMXQ.jpg
,Mercy,2026.0,,3.5,1236153.0,,,,,,/pyok1kZJCfyuFapYXzHcy7BLlQa.jpg,/gIClklFGYBe0uiOoiP2vtocJbss.jpg
,The Housemaid,2025.0,,3.5,1368166.0,,,,,,/cWsBscZzwu5brg9YjNkGewRUvJX.jpg,/zTnAnYIn0Iv3cn0ZHlzLhou3ybm.jpg
,Now You See Me: Now You Don't,2025.0,,3.5,425274.0,,,,,,/oD3Eey4e4Z259XLm3eD3WGcoJAh.jpg,/ufqytAlziHq5pljKByGJ8IKhtEZ.jpg
,One Battle After Another,2025.0,,3.5,1054867.0,,,,,,/lbBWwxBht4JFP5PsuJ5onpMqugW.jpg,/zpEWFNqoN8Qg1SzMMHmaGyOBTdW.jpg
,Hamnet,2025.0,,3.5,858024.0,,,,,,/vbeyOZm2bvBXcbgPD3v6o94epPX.jpg,/73BClq9FOcrWrutnpiqhCNEWEwJ.jpg
,Bugonia,2025.0,,3.5,701387.0,,,,,,/rSdOua3wKMEaFWDcKAYWRjXQWOt.jpg,/tN3pTxkQoP96wtaEahYuRVdUWb2.jpg
,Demon Slayer: Kimetsu no Yaiba Infinity Castle,2025.0,,3.5,1311031.0,,,,,,/fWVSwgjpT2D78VUh6X8UBd2rorW.jpg,/1RgPyOhN4DRs225BGTlHJqCudII.jpg
,Jaat,2025.0,,3.5,1306845.0,,,,,,/guTflsCTgLNqTbpHTi9gJANk1Rf.jpg,/A5ajQPdmA4P87vTpOXmFetA14fx.jpg
,The Devil's Bride,2025.0,,3.5,1339772.0,,,,,,/rRkM4hAoT9wMPsYeHj2SdgJ3lmz.jpg,/fo6Gw1AylyRJSeKk6QqrKD3UUER.jpg
,Kill,2023.0,,3.5,1134055.0,,,,,,/5kCEHZnUeAZFJvE3l8K5OYjIwjj.jpg,/gTydwZInr9ncMVFdYUzTcXtiTiT.jpg
,Monster,2023.0,,3.5,1050035.0,,,,,,/kvUJUyUGOhEoiWWNH04IXoExPE2.jpg,/dZJcOyRonN0Kb7kJR3DE3esGn16.jpg
,Don't Worry Darling,2022.0,,3.5,619730.0,,,,,,/wjAJWfuE5OQm5zerlOAbTxdHFMV.jpg,/tfCNMP37jRX3TOetuce7FLkxNKa.jpg
,EO,2022.0,,3.5,785398.0,"Drama, Adventure","The world is a mysterious place when seen through the eyes of an animal. EO, a grey donkey with melancholic eyes, meets good and bad people on his life’s path, experiences joy and pain, endures the wheel of fortune randomly turn his luck into disaster and his despair into unexpected bliss. But not even for a moment does he lose his innocence.",Jerzy Skolimowski,"Sandra Drzymalska, Isabelle Huppert, Lorenzo Zurzolo","donkey, exploitation, journey, animal cruelty",/1MK86Vr2nf1GSYOtRd8pFvA5RM8.jpg,/bdncpEiiH3C7OjzvIu07zl2zcTd.jpg
,An Asian Ghost Story,2022.0,,3.5,1104067.0,"Drama, Horror","A cinematic and conceptually inventive film that explores the haunting memories of Asia’s late 20th-century modernization through the large-scale export of wigs during the Cold War. Yet, in every wig resides a ghost from the imperial past.",Wang Bo,"Jia Zhao, Michael de Roos, Sai Wang Lau","supernatural, mockumentary, ghost, reflection, experimental",/wpDAazatHgmMDy29arSgj24J4Su.jpg,/fT8pAJKeqaHRYQsyOAtIDniuisr.jpg
,Everything Everywhere All at Once,2022.0,,3.5,545611.0,"Action, Adventure, Science Fiction","An aging Chinese immigrant is swept up in an insane adventure, where she alone can save what's important to her by connecting with the lives she could have led in other universes.","Daniel Scheinert, Daniel Kwan","Michelle Yeoh, Stephanie Hsu, Ke Huy Quan","mother, martial arts, kung fu, nihilism, philosophy, generations conflict, chinese woman, surrealism, laundromat, chinese, east asian lead, divorce, family, lgbt, hot dog, asian woman, chinese immigrant, mother daughter relationship, action comedy, asian american, intergenerational trauma, internal revenue service, interdimensional travel, multiverse",/u68AjlvlutfEIcpmbYpKcdi09ut.jpg,/ss0Os3uWJfQAENILHZUdX8Tt1OC.jpg
,"Good Luck to You, Leo Grande",2022.0,,3.5,758330.0,,,,,,/dxxOmTq4LgQxiyU4rW53qdj9FoN.jpg,/3oAmqJxMqOgmnEhoOP3swpOUwzC.jpg
,Pushpa: The Rise,2021.0,,3.5,690957.0,"Action, Drama, Thriller","As Pushpa, a labourer, rises in the world of red sandalwood smuggling, he ends up making many enemies. However, violence ensues when the police try to topple his illegal business.",Sukumar,"Allu Arjun, Fahadh Faasil, Rashmika Mandanna","rags to riches, smugglers, sandalwood, egotistical, authoritarian",/kKDnGklCDRK8hrFGH4pLr7ZDA33.jpg,/jQIcn51nsvMrpB9NFwEOb9QHhFt.jpg
,Parasite,2019.0,,3.5,496243.0,"Comedy, Thriller, Drama","All unemployed, Ki-taek's family takes peculiar interest in the wealthy and glamorous Parks for their livelihood until they get entangled in an unexpected incident.",Bong Joon Ho,"Song Kang-ho, Lee Sun-kyun, Cho Yeo-jeong","dark comedy, con artist, social commentary, working class, infiltration, psychological thriller, class differences, family, unemployed, domestic worker, wealthy family, south korea, introspective, caste violence, seoul, south korea, anti-capitalist",/7IiTTgloJzvGI1TAYymCfbfl3vT.jpg,/vbC0rzdrb7Ohc2TkbEbxtOABECe.jpg
,Sabrina,2018.0,,3.5,503902.0,,,,,,/zheAqvuUgk9L2ElLHgYo92WJIdO.jpg,/rXA03j9HBzhcmgjJetcVSjkmwQg.jpg
,Phantom Thread,2017.0,,3.5,400617.0,"Drama, Romance","In 1950s London, a renowned dressmaker's meticulous lifestyle begins drastically changing as his relationship with his young muse intensifies.",Paul Thomas Anderson,"Daniel Day-Lewis, Vicky Krieps, Lesley Manville","london, england, husband wife relationship, obsession, dressmaker, fashion designer, muse, doctor, wedding, fashion, fashion show, haute couture, fictional biography, 1950s, calm, fashion industry, brother sister relationship, romantic",/hgoWjp9Sh0MI97eAMZCnIoVfgvq.jpg,/sJZd1H4cl2Nxhj0nutVCK5pMczL.jpg
,Pirates of the Caribbean: Dead Men Tell No Tales,2017.0,,3.5,166426.0,,,,,,/6lAPOAFYFWIO3SQRemEY2wInQMC.jpg,/7C921eWK06n12c1miRXnYoEu5Yv.jpg
,Get Hard,2015.0,,3.5,257091.0,,,,,,/rJPbS2cYOYhDCjT5NmW1Fm6gFl3.jpg,/b52Vpc5NZTdoj1mlcgc9xd14i3i.jpg
,Penguins of Madagascar,2014.0,,3.5,270946.0,,,,,,/dXbpNrPDZDMEbujFoOxmMNQVMHa.jpg,/msnknPOg9dx86b0YozXOFP8PgBI.jpg
,Boss,2013.0,,3.5,228355.0,"Action, Comedy, Drama","Disowned by his father as a boy, Surya is taken in by a crime boss. When his brother Shiv is wrongly imprisoned, his father pleads for Surya's help.",Anthony D'Souza,"Akshay Kumar, Shiv Panditt, Mithun Chakraborty","sibling relationship, remake",/kOsSC9X6aarcq0LlFAPTECIZ0jd.jpg,/1YtdSBAmdihSm6kpBQBztsarYVq.jpg
,Khiladi 786,2012.0,,3.5,147767.0,"Action, Comedy","A father who runs a marriage bureau believes that his son is a failure in life. In order to prove him wrong, his son takes on the task of finding a match for a gangster's sister.",Ashish R. Mohan,"Akshay Kumar, Asin Thottumkal, Himesh Reshammiya",,/3chNHVi7j0jmUvJ1k7n2EYPfFmC.jpg,/rhk371OPZApJHQzKfXQBs0twK61.jpg
,Pirates of the Caribbean: On Stranger Tides,2011.0,,3.5,1865.0,"Adventure, Action, Fantasy","When Jack crosses paths with a woman from his past, he's not sure if it's love...or if she's a ruthless con artist using him to find the fabled Fountain of Youth.",Rob Marshall,"Johnny Depp, Penélope Cruz, Geoffrey Rush","sea, ship, mutiny, spain, england, sword, prime minister, sailing, mermaid, duke, sequel, silver, pirate, soldier, battle, swashbuckler, 18th century, aftercreditsstinger, blackbeard, based on theme park ride, whimsical, excited",/keGfSvCmYj7CvdRx36OdVrAEibE.jpg,/uzIGtyS6bbnJzGsPL93WCF1FWm8.jpg
,Black Dynamite,2009.0,,3.5,24804.0,"Comedy, Action","This is the story of 1970s African-American action legend Black Dynamite. The Man killed his brother, pumped heroin into local orphanages, and flooded the ghetto with adulterated malt liquor. Black Dynamite was the one hero willing to fight The Man all the way from the blood-soaked city streets to the hallowed halls of the Honky House.",Scott Sanders,"Michael Jai White, Arsenio Hall, Tommy Davidson","spoof, blaxploitation cinema, duringcreditsstinger, amused",/u3oWQDz0JggzzsVlsuHY7XVxp5Y.jpg,/gpcJuvH1tRWfdGv6ysWVRN3EZXL.jpg
,The Darjeeling Limited,2007.0,,3.5,4538.0,"Adventure, Drama, Comedy","Three American brothers who have not spoken to each other in a year set off on a train voyage across India with a plan to find themselves and bond with each other -- to become brothers again like they used to be. Their ""spiritual quest"", however, veers rapidly off-course (due to events involving over-the-counter pain killers, Indian cough syrup, and pepper spray).",Wes Anderson,"Owen Wilson, Adrien Brody, Jason Schwartzman","sibling relationship, dysfunctional family, train, india, healing, catharsis, train ride, understated, melodramatic",/oSW5OVXTulaIXcoNwJAp5YEKpbP.jpg,/hKJ513GbmTSmTXJU1uCXclh5Wkh.jpg
,Pirates of the Caribbean: At World's End,2007.0,,3.5,285.0,,,,,,/jGWpG4YhpQwVmjyHEGkxEkeRf0S.jpg,/1jHxkVXMI5s3vRiyiZooUy1shB5.jpg
,Norbit,2007.0,,3.5,9757.0,,,,,,/XcZ5NzygPp54csxCnzvQKuxFL2.jpg,/nMgQD51KzAqrt4F6iwxw5TetVLW.jpg
,Pirates of the Caribbean: Dead Man's Chest,2006.0,,3.5,58.0,,,,,,/uXEqmloGyP7UXAiphJUu2v2pcuE.jpg,/vr6n6ZFUZvedvIlhfYcbCWcaKyW.jpg
,Pirates of the Caribbean: The Curse of the Black Pearl,2003.0,,3.5,22.0,"Adventure, Fantasy, Action","When wily pirate Captain Barbossa seizes Jack Sparrow’s beloved ship, the Black Pearl, and kidnaps the governor’s daughter, Elizabeth Swann, blacksmith Will Turner reluctantly teams up with the unpredictable pirate Jack to rescue her—only to uncover a terrifying curse that turns Barbossa’s crew into the undead.",Gore Verbinski,"Johnny Depp, Geoffrey Rush, Orlando Bloom","ship, blacksmith, gold, exotic island, governor, skeleton, jamaica, british empire, pirate, swashbuckler, 18th century, caribbean sea, aftercreditsstinger, pirate ship, british navy, tortuga, based on theme park ride, hilarious, brisk",/poHwCZeWzJCShH7tOjg8RIoyjcw.jpg,/uRNgkJSkNBFbbn9fPsEjDIy8Sh3.jpg
,Dolemite,1975.0,,3.5,19174.0,,,,,,/sc81lG0MdHq1UCY5b2B10c9wSKw.jpg,/sytoeq1ScNHTbjUaAPRzshjtN63.jpg
Hamnet,2025,4.5,,3.5,1330496.0,,,,,,/wLJJ40AMEZmypeFut6AffqwMK8E.jpg,/gTFdspiXyQ4Tq3FeX4MEBxCExu2.jpg
Demon Slayer: Kimetsu no Yaiba Infinity Castle,2025,4.5,,3.5,1330496.0,,,,,,/wLJJ40AMEZmypeFut6AffqwMK8E.jpg,/gTFdspiXyQ4Tq3FeX4MEBxCExu2.jpg
Parasite,2019,4.0,,3.5,696026.0,,,,,,/vnCyIfkkvfR4gPeaEZ7LQem5Bd7.jpg,/nOhfvM24EBhHUFpGenyZIXX9ZHy.jpg
One Battle After Another,2025,4.0,,3.5,1330496.0,,,,,,/wLJJ40AMEZmypeFut6AffqwMK8E.jpg,/gTFdspiXyQ4Tq3FeX4MEBxCExu2.jpg
Everything Everywhere All at Once,2022,4.0,,3.5,475946.0,,,,,,/zzRjnUOVXyjp2WudgT7KxJLYh9D.jpg,/7gZR9nztTzZIskcRCuDfhvrd5Ds.jpg
Michael,2026,4.0,,3.5,1556783.0,,,,,,/mAX1ujOROXtKsOuIg5MbJbotOyD.jpg,/hlTs5C7zQ7TrH7REWOkSXzi67p7.jpg
The Sheep Detectives,2026,4.0,,3.5,1556783.0,,,,,,/mAX1ujOROXtKsOuIg5MbJbotOyD.jpg,/hlTs5C7zQ7TrH7REWOkSXzi67p7.jpg
Penguins of Madagascar,2014,3.5,,3.5,1026743.0,,,,,,/zbM21JEMNCOiluGlFLpTqW8fhrs.jpg,/hmD8f6U938YOYkCqX3OZnxyHC4D.jpg
Pushpa: The Rise,2021,2.5,,3.5,1022913.0,,,,,,/cdnrX0hsziYPKz0Prxzg0p0IVlD.jpg,/fDjDdvSJPhmL8T5ojd15EMm6eB0.jpg
